"Country","ECI Rank 2018","ECI Rank 2017","ECI Rank 2016","ECI Rank 2015","ECI Rank 2014","ECI Rank 2013","ECI Rank 2012","ECI Rank 2011","ECI Rank 2010","ECI Rank 2009","ECI Rank 2008","ECI Rank 2007","ECI Rank 2006","ECI Rank 2005","ECI Rank 2004","ECI Rank 2003","ECI Rank 2002","ECI Rank 2001","ECI Rank 2000","ECI Rank 1999","ECI Rank 1998","ECI Rank 1997","ECI Rank 1996","ECI Rank 1995","ECI 2018","ECI 2017","ECI 2016","ECI 2015","ECI 2014","ECI 2013","ECI 2012","ECI 2011","ECI 2010","ECI 2009","ECI 2008","ECI 2007","ECI 2006","ECI 2005","ECI 2004","ECI 2003","ECI 2002","ECI 2001","ECI 2000","ECI 1999","ECI 1998","ECI 1997","ECI 1996","ECI 1995","COI 2018","COI 2017","COI 2016","COI 2015","COI 2014","COI 2013","COI 2012","COI 2011","COI 2010","COI 2009","COI 2008","COI 2007","COI 2006","COI 2005","COI 2004","COI 2003","COI 2002","COI 2001","COI 2000","COI 1999","COI 1998","COI 1997","COI 1996","COI 1995","COI Rank 2018","COI Rank 2017","COI Rank 2016","COI Rank 2015","COI Rank 2014","COI Rank 2013","COI Rank 2012","COI Rank 2011","COI Rank 2010","COI Rank 2009","COI Rank 2008","COI Rank 2007","COI Rank 2006","COI Rank 2005","COI Rank 2004","COI Rank 2003","COI Rank 2002","COI Rank 2001","COI Rank 2000","COI Rank 1999","COI Rank 1998","COI Rank 1997","COI Rank 1996","COI Rank 1995"
"Angola","131","130","123","123","129","124","128","128","129","128","131","130","133","132","105","132","132","132","131","124","128","127","129","127","-1.7052","-1.6029","-1.1553","-1.2484","-1.5507","-1.2782","-1.6056","-1.5974","-1.6059","-1.59","-1.8765","-1.7914","-2.2002","-1.8661","-0.8805","-1.7645","-1.8363","-2.1242","-1.8922","-1.6816","-1.8602","-1.7839","-2.3139","-2.0446","-1.2135","-1.2586","-1.2234","-1.1947","-1.121","-1.081","-1.1259","-1.1266","-1.1804","-1.1822","-1.1515","-1.2025","-1.1888","-1.2431","-1.1933","-1.2369","-1.2501","-1.3008","-1.2585","-1.2771","-1.2724","-1.2333","-1.2384","-1.1869","126","126","122","122","119","117","119","122","122","123","123","122","123","128","120","125","127","127","124","121","122","123","124","125"
"Albania","76","77","86","86","82","83","80","77","83","79","76","76","78","80","68","76","66","71","69","77","75","79","81","84","-0.3181","-0.3296","-0.5353","-0.5444","-0.4411","-0.4417","-0.3323","-0.351","-0.4784","-0.3463","-0.3036","-0.2832","-0.3292","-0.3127","-0.151","-0.2746","-0.0601","-0.1405","-0.1282","-0.3395","-0.3206","-0.3644","-0.419","-0.4866","-0.1278","-0.1802","-0.0666","-0.1424","-0.1702","-0.1311","-0.052","-0.0632","-0.148","-0.2454","-0.0595","-0.011","-0.0503","0.088","0.1332","0.0938","0.02","0.0966","0.2068","-0.1727","-0.164","-0.0955","0.0747","-0.3739","68","69","66","68","70","66","69","67","71","73","67","67","68","63","62","62","62","61","56","69","68","67","59","72"
"United Arab Emirates","62","49","59","64","68","80","50","68","65","78","68","72","69","67","64","65","75","74","83","76","67","76","82","70","-0.0121","0.2544","0.0207","-0.0111","-0.1217","-0.3374","0.2561","-0.126","-0.0358","-0.336","-0.1138","-0.2249","-0.1472","-0.1377","-0.0795","-0.0757","-0.2961","-0.2038","-0.4307","-0.3393","-0.1259","-0.338","-0.4437","-0.2093","-0.5554","-0.1848","-0.1434","-0.3997","-0.519","-0.7585","-0.4654","-0.4684","-0.3841","-0.823","-0.6727","-0.6174","-0.8262","-0.5169","-0.5252","-0.7128","-0.6552","-0.608","-0.6666","-0.5898","-0.5165","-0.8819","-0.8769","-0.7751","85","70","70","80","83","94","80","82","77","96","88","88","92","84","83","88","88","88","89","82","79","97","94","88"
"Argentina","73","71","75","65","64","59","65","63","60","57","59","64","58","53","63","59","61","61","58","56","57","56","60","52","-0.2105","-0.2474","-0.2921","-0.1268","-0.0488","0.0486","-0.0154","0.0029","0.0474","0.1395","0.0933","-0.0443","0.0735","0.1568","-0.0619","0.0252","0.0352","0.0796","0.1126","0.0965","0.0483","0.1111","0.007","0.1986","0.3373","0.3282","0.2368","0.4813","0.4824","0.4603","0.5736","0.5845","0.7239","0.8584","0.7579","0.7692","1.0671","0.9521","0.8852","0.6352","0.7136","0.8758","0.8743","0.7975","0.7842","0.9495","0.801","1.0168","50","48","54","46","47","51","44","46","39","29","35","31","24","25","28","40","38","30","30","33","35","32","38","30"
"Armenia","79","83","73","68","70","71","45","47","64","50","47","36","63","60","37","43","29","37","32","30","27","27","22","67","-0.3918","-0.4289","-0.2623","-0.1622","-0.1914","-0.1515","0.4583","0.325","-0.0185","0.2611","0.3916","0.7286","-0.044","-0.0327","0.5072","0.3355","0.6838","0.5104","0.6302","0.643","0.8071","0.7935","1.014","-0.1822","-0.6252","-0.8245","-0.6048","-0.5257","-0.5684","-0.5194","-0.0031","-0.0923","-0.4265","-0.2148","0.0163","0.0735","-0.4844","-0.6709","-0.2233","-0.3383","-0.0604","0.0721","-0.0874","-0.132","-0.2168","0.1957","0.1508","-0.9955","88","97","89","82","86","81","65","68","79","72","64","61","84","89","70","75","68","64","68","68","71","56","54","103"
"Australia","87","91","88","80","94","90","93","82","84","81","82","67","72","66","71","62","67","69","62","63","60","62","59","55","-0.531","-0.5787","-0.5537","-0.4482","-0.5927","-0.6284","-0.5411","-0.424","-0.4829","-0.3578","-0.4002","-0.1007","-0.1839","-0.134","-0.1971","-0.0264","-0.0602","-0.1304","0.001","-0.0592","0.0454","-0.0244","0.0223","0.1128","-0.1192","-0.2227","-0.1773","-0.0233","-0.2978","-0.2783","-0.2257","-0.1239","-0.0387","0.1481","0.0349","0.4626","0.568","0.4448","0.8115","0.7865","0.7385","0.7294","0.9707","0.8243","0.8429","0.6434","0.6412","0.689","66","75","71","65","73","72","72","69","65","62","62","48","42","47","32","33","36","36","28","31","31","42","44","39"
"Austria","6","7","8","6","5","4","7","6","5","7","7","6","7","6","5","7","7","8","8","8","8","7","6","6","1.8062","1.746","1.733","1.8336","1.7842","1.8489","1.7152","1.7664","1.8151","1.7391","1.7104","1.7869","1.792","1.8746","1.9714","1.9221","1.8665","1.8691","1.8275","1.8508","1.8915","1.8917","2.0117","2.0672","-0.7572","-0.0779","-0.1362","-0.579","-0.8524","-1.0368","-0.8828","-0.6986","-0.5916","-0.6223","-0.8368","-0.6832","-0.011","0.0058","0.1457","0.3026","0.4175","0.4891","0.5191","0.5132","0.3127","0.4572","0.4217","0.447","93","65","69","88","96","113","103","89","82","86","97","90","66","66","60","51","50","45","43","42","51","47","46","47"
"Azerbaijan","124","131","120","114","120","125","124","125","121","126","121","120","113","117","99","97","86","91","75","70","38","50","54","78","-1.3669","-1.6088","-1.0991","-1.071","-1.2371","-1.3098","-1.4358","-1.514","-1.267","-1.4188","-1.208","-1.2107","-0.9407","-1.0484","-0.7188","-0.7057","-0.5403","-0.6076","-0.375","-0.2322","0.4941","0.2521","0.1175","-0.3889","-1.285","-1.3591","-1.2537","-1.2549","-1.2384","-1.2038","-1.2618","-1.272","-1.2672","-1.2882","-1.2164","-1.2384","-1.0975","-1.1795","-1.0006","-1.0302","-1.0008","-0.9528","-0.8182","-0.7426","-0.0508","-0.0549","-0.2979","-0.8817","132","132","128","129","131","130","131","132","130","132","130","127","113","118","107","105","103","101","94","92","64","66","69","91"
"Belgium","21","20","21","21","20","20","23","22","21","19","20","20","21","20","20","15","15","16","16","15","14","13","11","11","1.1768","1.1946","1.2218","1.1728","1.1842","1.204","1.0617","1.1237","1.1801","1.2203","1.1745","1.1351","1.2342","1.2693","1.2308","1.389","1.4073","1.4122","1.3865","1.4264","1.4377","1.4816","1.5634","1.5636","1.2728","1.2789","1.2183","1.2983","1.1927","1.107","1.3778","1.3645","1.1866","1.0229","1.1362","1.3107","1.3157","1.3575","1.5572","1.3669","1.404","1.3492","1.4368","1.3029","1.2958","1.2964","1.3079","1.3869","18","16","17","15","17","19","11","12","21","23","22","17","16","16","12","16","13","13","11","13","16","18","15","14"
"Burkina Faso","88","110","102","100","104","100","98","112","95","115","116","111","101","122","121","107","87","76","61","85","78","75","97","94","-0.5465","-0.9688","-0.8523","-0.7247","-0.7952","-0.7289","-0.6243","-0.9822","-0.6603","-1.0831","-1.0084","-0.8804","-0.8027","-1.1748","-1.1418","-0.8748","-0.5404","-0.2614","0.0095","-0.4786","-0.3467","-0.3353","-0.6884","-0.6254","-0.8755","-0.9942","-0.9435","-0.8509","-0.8731","-0.7356","-0.7034","-0.986","-0.6577","-1.0163","-1.0402","-0.9533","-0.9856","-1.0607","-1.0856","-0.8844","-0.6038","-0.0189","-0.1518","-0.8231","-0.8462","-0.8605","-0.9292","-0.9525","102","103","101","97","99","91","90","106","89","107","110","103","103","108","112","98","85","67","69","95","94","93","97","96"
"Bangladesh","108","112","106","108","103","106","96","105","107","100","94","96","95","110","119","119","112","103","111","110","101","92","100","89","-0.8826","-0.9819","-0.952","-0.8467","-0.7637","-0.8274","-0.6118","-0.7684","-0.8535","-0.7965","-0.5933","-0.592","-0.7419","-0.8925","-1.074","-1.1881","-0.9619","-0.7942","-0.8568","-0.9135","-0.7512","-0.6387","-0.7558","-0.5791","-1.073","-1.0919","-1.0986","-0.951","-0.9635","-0.8097","-0.6889","-0.858","-0.8895","-0.8771","-0.7501","-0.6589","-0.8847","-0.79","-0.9385","-1.1251","-1.1085","-1.0522","-0.9502","-1.1321","-0.9017","-0.8985","-0.9622","-0.7635","110","110","113","102","104","96","87","98","101","101","90","89","96","93","102","115","111","107","105","108","99","98","100","87"
"Bulgaria","41","40","39","42","40","40","41","38","44","45","46","47","44","44","44","39","39","40","38","41","36","36","35","43","0.5545","0.5912","0.5588","0.497","0.6161","0.6217","0.6","0.6331","0.4811","0.4858","0.4704","0.4613","0.4912","0.3976","0.3844","0.41","0.4714","0.4596","0.4398","0.4195","0.5223","0.5223","0.5113","0.3489","1.8861","1.6935","1.7685","1.6487","1.5895","1.5561","1.5928","1.6996","1.6817","1.774","1.7976","1.7327","1.5892","1.6402","1.6249","1.7772","1.6549","1.7587","1.7554","1.8929","1.7502","1.4069","1.7535","1.3972","5","6","7","8","9","7","7","5","4","5","5","6","11","7","9","7","9","6","7","5","6","8","6","13"
"Bahrain","48","50","48","44","57","58","66","76","66","67","85","71","79","73","87","81","76","67","74","74","77","80","76","77","0.3046","0.2025","0.2646","0.3337","0.0881","0.078","-0.0163","-0.3007","-0.0601","-0.0973","-0.4088","-0.2005","-0.3394","-0.1919","-0.5406","-0.3421","-0.3318","-0.0235","-0.2682","-0.32","-0.3292","-0.4572","-0.3601","-0.3489","-0.636","-0.6991","-0.5371","-0.1609","-0.5422","-0.6875","-0.7839","-0.9915","-0.9388","-0.7903","-0.9598","-0.9821","-1.0989","-1.0832","-1.1643","-1.1254","-1.1096","-1.0955","-0.8881","-1.0162","-0.9899","-1.0361","-0.9928","-0.954","89","91","84","70","84","88","97","109","105","94","102","106","114","110","116","116","112","110","100","103","104","105","104","97"
"Bosnia and Herzegovina","37","39","34","39","35","33","37","37","40","40","38","38","42","42","39","48","50","48","52","38","40","37","33","41","0.6704","0.6015","0.7137","0.5587","0.7384","0.727","0.663","0.6666","0.5651","0.6197","0.6174","0.66","0.5439","0.4564","0.479","0.1975","0.2198","0.2564","0.1842","0.475","0.4026","0.5104","0.567","0.3832","0.8991","0.9357","0.8695","1.0054","0.9814","0.9243","1.1669","1.0336","1.0746","0.9454","1.0546","0.7812","0.6968","0.6678","0.6702","0.3272","0.447","0.4382","0.3386","0.4397","0.5497","0.3213","0.9928","0.29","30","30","29","26","24","27","20","26","26","26","24","29","36","36","40","49","47","47","50","48","45","51","33","54"
"Belarus","29","29","30","33","30","22","22","29","27","24","28","22","26","24","26","26","27","27","29","24","22","31","29","34","0.8875","0.9041","0.894","0.8166","0.9323","1.177","1.0988","0.9662","0.9641","1.0351","0.9164","1.0516","0.9536","0.9795","0.9342","0.8778","0.8675","0.7847","0.7309","0.9465","1.0029","0.7086","0.7787","0.4943","1.0433","1.0385","0.8785","0.65","0.7296","0.9429","0.8604","0.6712","0.8127","0.7668","0.6381","0.6146","0.712","0.7173","0.9691","1.0946","1.1781","1.2095","1.1557","1.4008","1.3866","0.7318","1.011","0.5164","24","25","28","40","36","26","30","39","32","36","42","42","35","34","25","22","19","19","21","10","13","37","31","43"
"Bolivia","115","111","107","116","116","114","104","107","109","108","103","112","110","108","101","92","101","96","81","90","88","99","88","80","-1.0425","-0.9793","-0.9531","-1.1112","-1.171","-1.1394","-0.6996","-0.9086","-0.8668","-0.9195","-0.7884","-0.919","-0.9153","-0.8783","-0.8191","-0.6356","-0.7832","-0.6374","-0.4082","-0.5103","-0.5361","-0.7821","-0.5533","-0.4011","-0.894","-0.9237","-0.959","-1.0586","-1.0478","-1.0061","-0.728","-0.9243","-0.7887","-0.8636","-0.8798","-0.8803","-0.834","-0.7579","-0.7495","-0.5655","-0.6766","-0.5094","-0.3817","-0.414","-0.6082","-0.815","-0.5992","-0.5819","103","99","102","110","108","110","92","102","96","99","98","99","93","91","90","84","89","82","77","75","85","91","79","78"
"Brazil","49","52","49","50","50","47","48","48","46","49","48","43","36","34","36","33","30","29","27","32","26","26","27","25","0.2137","0.1479","0.2505","0.202","0.2318","0.2786","0.3414","0.3228","0.4361","0.2799","0.3812","0.5133","0.6187","0.6416","0.5102","0.6249","0.6298","0.6579","0.7943","0.6261","0.8224","0.7962","0.8125","0.8386","0.8091","0.8422","1.0109","1.1494","0.97","0.6509","0.9032","0.9845","0.9521","1.2904","1.4131","1.6193","1.4103","1.4671","1.5599","1.3894","1.2296","1.3107","1.2906","1.3165","1.2119","1.278","1.379","1.3769","34","34","26","18","26","41","28","27","28","16","11","8","15","14","11","15","18","16","16","12","20","19","13","15"
"Botswana","84","79","116","83","102","95","88","80","81","53","75","107","114","91","80","74","72","81","73","0","0","0","0","0","-0.4815","-0.3837","-1.0214","-0.5111","-0.7483","-0.6819","-0.4784","-0.3953","-0.4174","0.2083","-0.264","-0.8129","-0.9516","-0.5616","-0.4188","-0.2614","-0.1278","-0.405","-0.2543","","","","","","-1.0815","-1.0898","-1.2528","-1.1234","-1.1357","-1.0923","-1.0641","-1.0521","-0.9377","-0.4899","-1.0021","-1.2144","-1.2024","-1.1381","-1.1423","-1.1048","-1.0504","-1.1572","-1.0626","","","","","","111","109","127","115","123","118","113","114","104","82","104","124","127","116","115","113","107","114","111","0","0","0","0","0"
"Canada","39","35","40","38","41","41","39","41","36","37","39","37","29","27","27","25","25","26","23","23","23","22","23","22","0.6462","0.6594","0.5402","0.5834","0.6158","0.5963","0.6267","0.5687","0.6319","0.6649","0.6017","0.6715","0.8085","0.8614","0.8133","0.9198","0.9612","0.8804","1.0547","0.9606","0.9041","0.9411","0.96","0.9762","1.4174","1.3662","1.3139","1.4799","1.1797","1.1952","1.2942","1.3698","1.3336","1.4967","1.23","1.3776","1.4748","1.2612","1.3761","1.439","1.3904","1.3727","1.2668","1.2527","1.3035","1.3584","1.1024","1.1382","12","13","14","11","19","17","14","11","14","9","18","14","13","18","15","14","15","12","18","16","15","12","24","22"
"Switzerland","2","2","2","3","3","3","2","2","2","3","3","3","3","3","3","3","3","3","3","3","3","3","2","4","2.1664","2.2083","2.2758","2.203","2.031","2.0838","2.0215","2.1018","2.1384","2.008","1.9815","1.9776","2.0354","2.1297","2.2267","2.214","2.2235","2.1924","2.2766","2.2224","2.2661","2.3408","2.3514","2.2759","0.8338","0.8707","0.8436","0.8394","0.7767","0.6728","0.654","0.5442","0.532","0.5743","0.4877","0.2952","0.4786","0.6217","0.5538","0.7341","0.8322","0.7872","0.5423","0.7763","0.6602","0.6768","0.7041","0.8285","33","32","33","32","34","38","40","47","46","46","47","55","45","37","44","36","32","34","41","37","40","40","41","35"
"Chile","72","69","65","72","71","72","73","70","75","74","73","70","74","70","73","68","69","73","64","65","69","64","67","71","-0.1824","-0.2251","-0.1356","-0.2305","-0.1997","-0.183","-0.1845","-0.1473","-0.279","-0.2035","-0.181","-0.1962","-0.1929","-0.1607","-0.233","-0.1377","-0.0695","-0.1684","-0.0178","-0.1323","-0.1375","-0.0666","-0.1614","-0.2699","-0.2865","-0.2801","-0.1966","-0.3307","-0.1627","-0.2404","-0.3274","-0.3611","-0.4228","-0.3791","-0.2245","-0.4691","-0.4648","-0.4302","-0.2948","-0.1529","-0.0943","0.0539","-0.0131","-0.066","-0.1888","-0.2025","-0.3013","-0.3455","76","79","73","77","69","70","73","75","78","78","74","82","81","80","74","69","69","65","65","66","69","70","70","71"
"China","18","19","19","18","18","18","17","20","24","26","24","28","28","29","30","31","31","35","39","42","44","41","41","46","1.3409","1.3014","1.2522","1.264","1.3139","1.2551","1.2189","1.1789","1.0496","0.9615","0.9954","0.9094","0.8438","0.7572","0.7029","0.6489","0.6171","0.5372","0.4387","0.3887","0.341","0.3926","0.3859","0.321","0.6848","0.9549","1.1159","1.0196","0.3599","0.652","0.5707","1.0602","1.3829","1.4395","1.4087","1.5162","1.7392","1.9303","2.016","2.0008","1.9645","2.2951","2.4172","2.3252","2.4013","2.4619","2.1973","2.4049","40","28","22","25","55","40","46","25","11","12","12","9","5","3","2","4","3","2","1","1","1","1","1","1"
"Côte d'Ivoire","110","113","118","103","106","111","109","113","116","117","115","114","111","102","103","101","104","100","104","88","103","93","107","101","-0.961","-0.9869","-1.0711","-0.7604","-0.8541","-1.0044","-1.0051","-1.0027","-1.0848","-1.104","-0.9889","-0.9575","-0.9244","-0.8143","-0.8412","-0.7772","-0.8042","-0.7282","-0.7986","-0.4943","-0.7678","-0.6423","-0.8838","-0.7536","-0.8459","-0.9395","-0.9033","-0.8219","-0.78","-0.9012","-0.8614","-0.9096","-0.9323","-0.857","-0.7651","-0.8046","-0.8543","-0.8028","-0.7444","-0.7766","-0.7521","-0.5631","-0.7037","-0.6058","-0.7501","-0.5996","-0.8172","-0.7378","98","100","99","95","93","105","101","100","103","97","92","95","94","94","89","94","91","85","90","83","90","81","90","85"
"Cameroon","129","114","121","111","101","110","110","86","117","114","109","108","128","128","127","122","116","126","129","125","126","110","116","115","-1.6012","-1.0097","-1.1182","-0.9029","-0.7398","-0.9349","-1.0137","-0.5163","-1.0901","-1.044","-0.8982","-0.818","-1.5564","-1.5509","-1.3868","-1.2645","-1.1891","-1.4622","-1.6936","-1.7095","-1.822","-1.0597","-1.1763","-1.1121","-1.1822","-1.0145","-1.0942","-0.9958","-0.9244","-1.0049","-1.0143","-0.7341","-1.0209","-1.0295","-1.0286","-0.9296","-1.2235","-1.215","-1.2169","-1.1028","-1.1084","-1.2473","-1.266","-1.3105","-1.2997","-1.0429","-1.0986","-1.0335","121","105","112","107","101","108","110","91","111","109","108","102","128","122","126","112","110","123","126","124","125","106","110","106"
"Democratic Republic of the Congo","132","129","130","131","131","126","126","124","126","124","123","122","125","130","129","105","117","125","103","122","123","111","123","122","-1.8038","-1.5773","-1.6379","-1.6761","-1.6053","-1.4563","-1.5741","-1.3308","-1.3979","-1.3643","-1.2502","-1.3534","-1.3348","-1.5598","-1.4231","-0.8534","-1.199","-1.3565","-0.7976","-1.5945","-1.6032","-1.0918","-1.2884","-1.3653","-1.2156","-1.2077","-1.2117","-1.2165","-1.1252","-1.1197","-1.2209","-1.174","-1.2116","-1.178","-1.1875","-1.1352","-1.1224","-1.1731","-1.1929","-1.0364","-1.1379","-1.221","-1.0486","-1.2291","-1.214","-1.0708","-1.1297","-1.1015","127","121","121","124","121","122","127","126","126","121","127","116","116","117","119","108","116","119","110","115","114","110","113","115"
"Republic of the Congo","125","122","100","119","124","128","118","109","128","125","128","129","131","131","128","125","129","127","130","123","122","124","121","119","-1.4196","-1.1804","-0.7787","-1.1793","-1.3627","-1.5117","-1.1551","-0.957","-1.5293","-1.4079","-1.526","-1.714","-1.8856","-1.6011","-1.412","-1.4305","-1.4533","-1.4953","-1.6985","-1.6726","-1.5866","-1.4901","-1.2542","-1.1645","-1.1276","-1.1262","-0.9974","-1.1396","-1.1013","-1.1024","-1.0681","-1.0794","-1.2063","-1.198","-1.2009","-1.2642","-1.2725","-1.2639","-1.2389","-1.2462","-1.2493","-1.2728","-1.2724","-1.2773","-1.2189","-1.2065","-1.1916","-1.1259","116","113","104","117","116","120","115","117","125","126","129","129","131","130","129","126","126","124","127","122","115","121","121","118"
"Colombia","56","62","63","60","58","60","63","59","62","48","53","55","55","56","56","54","51","43","57","58","59","61","57","58","0.1","-0.0429","-0.0434","0.0369","0.0827","0.0384","0.0423","0.0517","0.0064","0.3517","0.2521","0.1887","0.1673","0.0915","0.0409","0.1264","0.2195","0.3432","0.1168","0.0598","0.0472","0.0121","0.069","0.0526","-0.1223","-0.2672","-0.2011","-0.1467","-0.3912","-0.3682","-0.3389","-0.2794","-0.1537","0.392","0.542","0.6833","0.5548","0.4444","0.5165","0.4013","0.4531","0.5098","0.1782","0.1085","0.1225","0.0512","0.0882","0.1693","67","78","74","69","77","75","75","70","72","54","43","39","43","48","45","46","45","43","57","60","55","61","58","61"
"Costa Rica","47","48","46","47","53","51","52","51","58","61","57","59","57","58","60","63","56","60","71","69","72","70","71","72","0.3342","0.2832","0.2796","0.2885","0.1413","0.1822","0.2527","0.2177","0.0622","0.0603","0.1205","0.0987","0.0748","0.0729","-0.0287","-0.0287","0.0687","0.0909","-0.1409","-0.2256","-0.2296","-0.1905","-0.2351","-0.2786","0.4006","0.2232","0.1441","0.0695","-0.5715","-0.542","-0.5625","-0.4402","-0.6331","-0.4393","-0.1374","-0.1921","-0.2387","-0.2488","-0.3011","-0.3517","-0.098","0.1565","-0.1853","-0.2308","-0.0502","0.175","0.1014","-0.064","48","55","58","63","87","82","84","81","86","80","70","73","75","77","76","76","70","59","70","71","63","57","57","63"
"Cuba","117","108","97","101","89","76","58","81","87","68","80","86","51","71","69","93","109","110","108","79","90","98","103","81","-1.1058","-0.9537","-0.751","-0.7412","-0.5368","-0.3035","0.0809","-0.4146","-0.513","-0.1015","-0.3807","-0.4397","0.2078","-0.1832","-0.1724","-0.6482","-0.9228","-0.9272","-0.8382","-0.3929","-0.5463","-0.7704","-0.7696","-0.4334","-1.2249","-1.2516","-1.1901","-1.1447","-0.9414","-0.8553","-0.6936","-1.0019","-1.0512","-0.8649","-1.0095","-0.9199","-0.4717","-0.65","-0.6556","-0.9726","-1.0795","-1.1519","-1.1406","-0.9428","-1.056","-1.1604","-1.141","-0.9369","129","124","119","118","103","100","88","110","114","100","105","100","83","87","86","100","109","113","117","101","108","117","115","95"
"Cyprus","50","44","44","56","44","46","40","33","33","28","26","33","34","43","41","53","43","45","48","37","41","40","55","40","0.1827","0.3745","0.345","0.1105","0.4737","0.3494","0.6196","0.7792","0.7452","0.9159","0.9444","0.7466","0.7304","0.4393","0.4266","0.1407","0.3326","0.3009","0.2603","0.4811","0.3917","0.4208","0.0957","0.3849","-0.2311","0.154","-0.0052","-0.3782","0.5707","0.5482","0.1894","0.5012","0.5208","0.6729","0.7675","0.6233","0.0287","0.6206","0.8061","0.3052","0.5043","0.249","0.2868","0.3351","0.4207","0.4173","0.0521","0.2282","71","59","63","79","41","47","59","48","48","41","34","41","65","38","33","50","44","55","53","52","47","48","61","58"
"Czechia","7","6","6","7","6","6","6","7","7","8","9","8","9","11","11","10","12","12","13","14","12","14","14","14","1.8032","1.8665","1.832","1.8158","1.7603","1.8261","1.7323","1.763","1.784","1.6754","1.6387","1.6597","1.6507","1.6305","1.6176","1.6755","1.5854","1.5717","1.5149","1.4739","1.5095","1.4384","1.4121","1.4096","-0.0561","0.1389","0.2455","0.0914","-0.147","-0.4068","-0.6396","-0.3039","-0.0994","-0.129","-0.2451","-0.2847","0.0891","0.4856","0.5624","0.6007","0.9636","0.8786","0.9879","1.0158","0.8263","1.0849","1.1812","1.2418","63","60","52","61","67","78","86","72","69","69","76","78","64","45","43","43","28","29","27","26","32","25","19","20"
"Germany","4","3","3","2","2","2","3","3","3","2","2","2","2","2","2","2","2","2","2","2","2","2","3","2","2.0865","2.1607","2.2578","2.254","2.1074","2.1047","1.9739","2.0491","2.0949","2.032","2.0239","2.0487","2.141","2.2886","2.4259","2.4288","2.3689","2.3432","2.3806","2.3669","2.3992","2.3457","2.3502","2.4217","-2.5429","-2.3208","-2.4191","-2.5735","-3.2364","-3.6864","-3.6872","-3.445","-3.321","-3.4986","-3.2261","-3.1305","-2.8841","-2.656","-2.3951","-2.134","-2.1599","-2.0741","-2.4217","-2.148","-2.5014","-2.6236","-2.4617","-2.4293","133","133","133","133","133","133","133","133","133","133","133","133","133","133","132","132","132","132","132","129","129","129","129","129"
"Denmark","24","24","25","24","21","21","20","19","20","18","18","19","20","18","17","17","17","17","17","17","16","12","13","12","1.094","1.1604","1.0685","1.1044","1.1519","1.1879","1.1596","1.1837","1.1812","1.334","1.2733","1.2363","1.2533","1.3112","1.3123","1.3496","1.3378","1.3496","1.3322","1.4151","1.3394","1.5025","1.428","1.4865","1.3442","1.2469","1.3856","1.2555","1.1645","1.0715","1.0509","1.1697","1.1716","0.8627","0.8881","0.9835","1.1413","1.189","1.2437","1.2737","1.325","1.3287","1.424","1.344","1.3948","1.3533","1.4002","1.518","15","17","12","16","21","21","25","19","22","28","29","25","23","19","17","17","16","14","12","11","12","14","11","9"
"Dominican Republic","70","75","72","73","66","74","69","73","72","73","64","61","61","72","74","82","80","88","91","87","96","82","77","83","-0.1798","-0.3156","-0.2516","-0.2387","-0.0776","-0.2515","-0.103","-0.2304","-0.1946","-0.1968","-0.043","0.0406","0.0197","-0.1878","-0.2518","-0.3922","-0.4337","-0.5544","-0.5609","-0.4913","-0.6451","-0.5221","-0.3651","-0.4845","-0.2697","0.0744","0.0535","0.4073","0.4759","0.4013","0.3904","0.4279","0.4762","0.4194","0.2989","0.1787","0.1456","-0.0506","-0.3062","-0.246","-0.39","-0.4777","-0.6125","-0.627","-0.7157","-0.5687","-0.3718","-0.5896","75","62","59","49","48","55","53","50","50","52","55","59","63","71","77","73","76","80","84","86","87","79","76","80"
"Algeria","122","102","125","125","127","129","131","132","115","127","124","127","120","103","123","114","110","113","114","109","110","103","85","100","-1.3072","-0.8612","-1.1902","-1.2822","-1.4274","-1.5256","-1.7405","-1.8721","-1.0764","-1.4756","-1.3281","-1.6796","-1.0785","-0.8213","-1.1848","-0.994","-0.9264","-0.9414","-1.0067","-0.9119","-0.9104","-0.8342","-0.4793","-0.7509","-1.1891","-1.1709","-1.2251","-1.1959","-1.121","-1.1079","-1.1525","-1.1698","-1.1501","-1.1631","-1.122","-1.1752","-1.1527","-1.1931","-1.2179","-1.2007","-1.1942","-1.2444","-1.1972","-1.2343","-1.2281","-1.1459","-1.1096","-1.11","122","118","123","123","120","121","120","125","120","119","117","120","119","120","127","124","121","122","123","117","117","115","111","117"
"Ecuador","112","119","114","113","113","105","102","95","100","102","99","105","115","116","110","108","113","108","115","105","109","113","115","112","-0.974","-1.0987","-0.9993","-0.9989","-1.0515","-0.8264","-0.6563","-0.6547","-0.7479","-0.8416","-0.738","-0.7536","-0.954","-1.0196","-0.9882","-0.8831","-0.982","-0.8925","-1.0172","-0.8478","-0.8936","-1.1154","-1.125","-1.0176","-1.0314","-1.1518","-1.0024","-1.0388","-1.1085","-0.9361","-0.7947","-0.8104","-0.8396","-0.9315","-0.9235","-0.8428","-0.9361","-1.0031","-0.933","-0.7752","-0.8902","-0.8691","-0.8463","-0.7581","-0.8469","-1.0186","-0.9598","-0.9633","108","115","106","108","117","106","98","96","100","105","101","96","99","105","101","93","98","98","97","93","95","103","99","98"
"Egypt","66","65","66","66","63","67","71","71","74","75","70","74","77","81","76","80","78","79","76","71","80","77","79","74","-0.0611","-0.0677","-0.1594","-0.1394","-0.0356","-0.1115","-0.1394","-0.1766","-0.2101","-0.2179","-0.1419","-0.2334","-0.3055","-0.3376","-0.3632","-0.3409","-0.381","-0.3474","-0.382","-0.2532","-0.3626","-0.3549","-0.409","-0.3142","1.7173","2.0313","1.8918","1.9288","2.0248","1.7653","1.4649","1.2652","1.1994","1.5123","0.9583","0.6279","0.2994","0.4898","0.483","0.6514","0.6106","0.4213","0.025","0.2149","0.1525","-0.0112","-0.2119","-0.2871","6","4","5","5","4","6","10","15","19","7","26","40","53","43","47","39","41","50","63","55","54","63","67","68"
"Spain","32","31","32","30","29","28","30","30","25","25","25","23","24","23","24","24","23","21","21","21","21","21","21","18","0.8289","0.8005","0.8096","0.8686","0.9565","0.9546","0.9266","0.9625","0.9953","1.018","0.9642","1","0.9928","1.0543","1.0366","1.0301","1.052","1.127","1.1583","1.0884","1.0455","1.0625","1.1623","1.2115","2.4374","2.401","2.1572","2.0527","1.7875","1.815","1.8619","1.8158","1.614","1.3565","1.6077","1.5102","1.7907","1.6341","1.7835","1.8973","1.954","1.8096","1.7888","1.8284","1.8524","1.956","1.7894","1.7853","2","2","3","3","6","4","4","4","6","13","8","10","3","8","5","5","4","5","6","6","5","4","5","5"
"Estonia","28","27","28","28","26","30","32","26","31","32","32","32","32","30","33","32","35","38","41","35","35","39","39","32","0.9636","1.0273","0.9516","0.9864","1.0227","0.9243","0.8593","1.0073","0.8088","0.8115","0.7581","0.802","0.7356","0.7376","0.6477","0.6383","0.5725","0.4985","0.3566","0.5233","0.5232","0.4609","0.431","0.5251","1.2903","1.3261","1.1914","1.1379","1.1748","1.2921","1.3173","1.1862","1.3527","1.3339","1.6683","1.3276","1.1857","1.1877","1.0434","1.1202","1.167","0.921","0.6486","1.1754","1.4672","1.1485","1.1317","1.3981","16","14","19","20","20","14","13","18","12","14","7","15","22","20","21","20","21","27","37","21","10","22","21","12"
"Ethiopia","97","100","119","106","115","116","108","116","113","105","104","115","121","120","124","124","124","115","120","115","116","114","112","110","-0.6577","-0.8482","-1.0904","-0.8208","-1.1476","-1.1448","-0.9013","-1.0306","-0.9203","-0.8887","-0.795","-1.0003","-1.1226","-1.1586","-1.2012","-1.4022","-1.3006","-1.0228","-1.1365","-1.1212","-1.2207","-1.1247","-1.0629","-0.9898","-0.395","-0.5563","-0.8494","-0.5422","-0.9855","-0.9009","-0.8825","-0.8519","-0.8187","-0.7147","-0.7386","-0.801","-0.9535","-0.9313","-0.889","-1.0599","-1.0293","-0.8873","-1.0272","-1.1187","-1.2385","-1.1798","-1.1673","-1.1465","78","88","96","85","105","104","102","97","97","92","89","94","102","99","96","110","104","99","108","106","118","119","119","121"
"Finland","12","10","12","13","10","10","10","9","9","6","6","4","5","5","6","5","6","7","7","6","6","6","5","5","1.5458","1.6921","1.595","1.5464","1.5953","1.6926","1.5753","1.7151","1.7005","1.8147","1.7207","1.8411","1.86","1.9632","1.9545","2.0439","1.9572","1.9585","1.9725","1.9653","1.963","1.9775","2.0128","2.1119","1.023","0.9497","1.0284","1.0309","0.9691","0.8765","0.8798","0.9061","0.9496","0.8395","0.8343","0.7391","0.8779","0.8687","1.0062","0.9935","1.0379","0.9898","0.89","0.955","0.9762","1.0542","1.0119","1.0998","25","29","24","24","27","30","29","30","29","30","31","35","29","27","23","25","27","24","29","28","28","27","30","27"
"France","16","17","15","16","16","14","14","14","13","12","15","14","13","13","12","11","11","11","9","11","9","9","10","8","1.3726","1.3852","1.4679","1.4357","1.4408","1.5239","1.4133","1.4586","1.5098","1.5254","1.4836","1.4078","1.4961","1.5275","1.5783","1.6668","1.6433","1.623","1.6396","1.6443","1.6537","1.6642","1.5635","1.85","0.8372","0.9639","0.8544","0.7306","0.4101","0.0435","0.0529","0.1281","-0.0035","-0.2939","-0.4522","-0.0422","0.1766","0.5923","0.5977","0.6566","0.7156","0.6388","0.6413","0.6641","0.7581","0.771","1.2351","0.4294","32","27","31","36","51","63","62","63","64","76","81","68","60","42","41","38","37","41","38","40","37","35","17","48"
"Gabon","126","125","128","128","123","130","129","120","120","109","126","121","124","127","114","130","125","129","102","108","121","122","128","126","-1.428","-1.2989","-1.3185","-1.3735","-1.3592","-1.6619","-1.6247","-1.1517","-1.2377","-0.9211","-1.4099","-1.2475","-1.2081","-1.502","-1.0206","-1.5664","-1.3299","-1.6059","-0.782","-0.8922","-1.5634","-1.2911","-2.0528","-1.7734","-1.1402","-1.2156","-1.2273","-1.2174","-1.0996","-1.1448","-1.1621","-1.1106","-1.1366","-1.092","-1.1266","-1.1522","-1.1416","-1.2463","-1.2117","-1.2755","-1.2369","-1.3064","-1.1726","-1.1767","-1.2392","-1.1751","-1.2462","-1.1652","117","122","124","125","115","125","122","120","117","115","118","117","118","129","124","128","125","129","120","110","119","118","126","122"
"United Kingdom","13","13","13","11","13","11","11","11","11","10","8","9","6","7","7","6","5","4","4","5","5","5","7","7","1.5073","1.4998","1.5686","1.609","1.5305","1.6265","1.5417","1.5904","1.6059","1.6156","1.7098","1.649","1.8501","1.8419","1.8807","1.9712","2.0865","2.1007","2.1327","2.0036","1.9953","1.985","1.9369","1.8763","0.9781","1.1428","1.0166","0.9192","0.9359","0.7811","0.7823","0.7964","0.8331","0.6171","0.255","0.5481","0.6845","0.7161","0.7055","0.8297","0.8003","0.6653","0.5568","0.7524","0.4186","0.6889","0.9013","1.1175","28","19","25","29","30","33","34","32","31","43","57","46","37","35","37","31","33","38","40","38","48","39","35","23"
"Georgia","65","74","71","70","73","64","76","62","78","72","86","73","70","61","59","49","48","63","42","44","39","45","44","26","-0.039","-0.2775","-0.2324","-0.1781","-0.2363","-0.0772","-0.2452","0.0132","-0.3647","-0.1652","-0.4194","-0.2301","-0.1473","-0.0533","-0.022","0.168","0.2333","0.061","0.2968","0.3102","0.4791","0.3489","0.2844","0.7863","-0.003","-0.1589","-0.2621","-0.3467","-0.5104","-0.3597","-0.5567","-0.3709","-0.5712","-0.3956","-0.6713","-0.5321","-0.4361","-0.4704","-0.5533","-0.3678","-0.1964","-0.2926","0.2135","0.126","0.3465","0.1065","0.1162","-0.1878","60","67","76","78","82","74","83","76","81","79","87","84","80","82","85","78","72","74","55","59","50","58","56","65"
"Ghana","103","104","103","121","114","99","113","88","104","101","105","100","109","114","116","115","120","106","118","113","115","109","111","123","-0.7978","-0.916","-0.9011","-1.2189","-1.116","-0.7114","-1.0496","-0.5275","-0.7899","-0.812","-0.8314","-0.6796","-0.9119","-0.9738","-1.0275","-1.0431","-1.2508","-0.8777","-1.0938","-1.0165","-1.0838","-1.0572","-1.0323","-1.3684","-0.8472","-0.8959","-0.8762","-1.1314","-1.0709","-0.5824","-0.7294","-0.4059","-0.6026","-0.6508","-0.6104","-0.2945","-0.7355","-0.8418","-0.9127","-0.6748","-1.0441","-0.712","-0.8188","-0.877","-0.9456","-0.9813","-1.0182","-1.1093","100","98","97","116","112","83","93","77","84","88","86","79","90","96","98","87","105","91","95","98","101","101","107","116"
"Guinea","127","128","131","124","132","123","132","131","131","130","125","128","127","126","112","127","130","124","127","128","125","118","122","116","-1.4316","-1.5591","-1.7282","-1.2567","-1.7522","-1.2767","-1.9023","-1.7793","-1.7151","-1.6212","-1.3315","-1.6934","-1.5246","-1.4776","-1.0043","-1.4587","-1.6733","-1.3191","-1.6115","-1.9598","-1.7197","-1.203","-1.2692","-1.1194","-1.2102","-1.2715","-1.2717","-1.0622","-1.2232","-1.0288","-1.2616","-1.2666","-1.2246","-1.2374","-1.1435","-1.222","-1.1943","-1.2417","-1.1057","-1.1972","-1.2561","-1.1938","-1.2612","-1.3607","-1.2537","-1.1311","-1.1514","-1.0593","125","127","129","111","129","111","130","130","128","128","121","125","126","127","114","122","128","116","125","128","120","114","117","109"
"Greece","55","56","55","58","60","57","56","54","52","52","52","52","53","50","47","46","49","42","45","55","53","52","49","54","0.1075","0.1097","0.1003","0.0595","0.0614","0.0893","0.1563","0.1377","0.1756","0.2309","0.2948","0.2889","0.1868","0.231","0.2998","0.2722","0.2235","0.3461","0.2729","0.1055","0.1231","0.1987","0.2174","0.1562","1","1.0864","1.1273","0.99","0.9537","0.9707","1.2938","1.5778","1.6691","1.75","1.8136","1.753","1.5927","1.8954","1.7535","1.4753","1.4251","1.5141","1.6554","1.2422","1.315","1.2272","1.08","1.0688","27","22","21","27","29","25","15","8","5","6","4","5","9","4","7","10","12","9","8","17","14","21","25","28"
"Guatemala","82","81","77","75","74","73","72","72","77","77","71","68","71","84","77","85","82","83","80","75","76","72","75","65","-0.4546","-0.4191","-0.3924","-0.289","-0.2483","-0.2108","-0.1519","-0.2087","-0.3391","-0.2804","-0.144","-0.1588","-0.183","-0.3999","-0.3849","-0.4711","-0.4647","-0.413","-0.3986","-0.3204","-0.3251","-0.2129","-0.2888","-0.1473","0.2122","0.6271","0.6371","0.5481","0.5382","0.6609","0.5728","0.5939","0.5407","0.4391","0.6424","0.7017","0.6715","0.6189","0.1557","0.1822","0.0264","0.1901","0.1645","0.1968","0.106","0.209","0.3089","0.2459","54","42","43","44","43","39","45","44","45","51","41","38","38","39","58","57","61","58","59","57","56","55","50","56"
"Honduras","98","82","81","79","76","94","82","83","90","90","97","93","90","99","97","95","91","99","96","96","98","101","92","98","-0.6654","-0.4211","-0.4834","-0.4444","-0.3586","-0.666","-0.3596","-0.4627","-0.5428","-0.5596","-0.6262","-0.5404","-0.5223","-0.7443","-0.668","-0.6848","-0.6485","-0.7194","-0.7408","-0.651","-0.6911","-0.7883","-0.5924","-0.6964","-0.5073","-0.2056","-0.3008","-0.1857","0.0567","-0.3876","-0.0146","-0.3197","-0.2697","-0.4425","-0.397","-0.3775","-0.3999","-0.5526","-0.4573","-0.5257","-0.5628","-0.5631","-0.5898","-0.5647","-0.5783","-0.5725","-0.6118","-0.7216","84","73","78","72","62","76","67","74","74","81","80","81","78","86","79","83","84","86","82","81","83","80","80","82"
"Croatia","30","30","31","34","32","31","31","31","30","29","29","31","27","28","28","34","32","31","31","29","32","33","31","27","0.8702","0.9032","0.8633","0.7717","0.8608","0.8708","0.8822","0.9436","0.8652","0.9077","0.9056","0.8434","0.8684","0.7804","0.7406","0.6155","0.6055","0.6111","0.6304","0.66","0.6275","0.6205","0.7365","0.7793","1.5308","1.4575","1.3953","1.3334","1.3489","1.2845","1.1502","1.1001","1.1872","1.1138","1.1943","1.2463","1.2253","1.182","1.2039","1.4457","1.2701","1.1842","1.1182","1.2174","1.2693","1.3403","1.3069","1.5706","10","10","11","13","13","15","22","23","20","21","19","20","20","21","18","12","17","21","23","19","18","16","16","8"
"Hungary","9","9","9","10","9","9","9","10","10","11","14","12","15","16","16","19","21","23","22","26","28","23","24","23","1.6623","1.6995","1.7213","1.6653","1.7018","1.694","1.6072","1.6209","1.6642","1.59","1.4855","1.4833","1.4773","1.4479","1.3605","1.3064","1.2444","1.0596","1.0606","0.7885","0.7779","0.9105","0.9054","0.9183","0.6909","0.7392","0.743","0.6758","0.5643","0.455","0.4482","0.7133","0.6997","0.7347","0.799","0.7418","0.8563","0.8602","0.9901","1.0888","1.0607","1.2289","1.2851","1.2554","1.4644","1.5486","1.8913","1.8197","39","37","37","39","42","52","52","37","41","38","32","33","31","28","24","23","26","18","17","15","11","6","4","4"
"Indonesia","61","64","62","63","59","62","60","60","67","64","62","60","62","62","58","60","55","64","59","62","73","71","73","76","0.0157","-0.0666","-0.0251","-0.0058","0.0664","-0.0077","0.0542","0.0458","-0.0729","-0.0727","0.0499","0.0748","0.0088","-0.0735","0.0043","0.0193","0.0918","0.0481","0.0479","-0.0373","-0.2507","-0.205","-0.2564","-0.3477","1.4537","1.43","1.8123","1.6837","1.6736","1.7945","1.6293","1.3083","1.3866","1.5009","1.5401","1.8571","1.7083","1.6143","1.7667","1.8147","1.7284","1.7484","1.5894","1.7872","1.608","1.365","1.3436","1.2932","11","12","6","7","7","5","6","14","10","8","10","3","7","10","6","6","6","8","10","7","7","11","14","19"
"India","42","47","51","48","48","52","51","52","54","55","50","53","52","51","52","45","45","41","44","46","50","54","53","60","0.5385","0.2894","0.2312","0.2424","0.2329","0.182","0.2545","0.1963","0.1647","0.1933","0.3265","0.2773","0.1869","0.2293","0.2204","0.2858","0.3215","0.3677","0.2856","0.2654","0.2266","0.1403","0.1446","0.0195","2.5097","2.815","2.8153","2.8913","2.6611","2.6723","2.459","2.5306","2.4691","2.4743","2.9649","2.8037","2.5402","2.6368","2.8605","2.7162","2.3669","2.539","2.3387","2.0286","2.0187","2.0328","1.9818","1.8646","1","1","1","1","1","1","1","1","1","1","1","1","1","1","1","1","2","1","2","4","2","2","2","2"
"Ireland","17","16","18","19","17","17","18","17","17","14","10","18","14","14","13","12","9","9","10","9","10","11","12","16","1.3597","1.4285","1.282","1.2517","1.372","1.3334","1.1734","1.3231","1.3175","1.485","1.6191","1.2633","1.4943","1.5128","1.4889","1.6064","1.7765","1.7658","1.6231","1.6553","1.5684","1.5935","1.4826","1.3316","0.0938","0.1662","0.0495","0.2353","0.4098","0.3946","0.2803","0.4132","0.3195","0.1915","0.3123","0.1948","0.1633","0.1648","0.1833","0.2831","0.2031","0.2264","0.3177","0.4506","0.5539","1.0032","1.0451","1.1175","57","58","60","55","52","56","56","52","55","58","53","58","61","60","56","54","56","56","51","47","44","30","27","24"
"Iran","101","73","74","92","77","70","114","110","94","122","122","109","100","95","95","100","92","114","110","107","102","106","110","103","-0.7058","-0.2747","-0.2804","-0.6162","-0.386","-0.1455","-1.0655","-0.9649","-0.6529","-1.3243","-1.2215","-0.8335","-0.7994","-0.624","-0.653","-0.7767","-0.679","-0.9832","-0.8425","-0.8816","-0.7644","-0.868","-0.9986","-0.7921","-0.8034","-0.4273","-0.2538","-0.7378","-0.3225","-0.1363","-0.9947","-0.9887","-0.8322","-1.0849","-1.0983","-0.9809","-0.9532","-0.9702","-0.9799","-1.0345","-0.8438","-1.0567","-1.0431","-1.1853","-1.1155","-1.073","-1.2139","-1.0774","95","84","75","90","76","67","109","107","99","114","115","105","101","103","105","107","95","108","109","112","109","111","122","111"
"Israel","20","23","27","27","28","26","21","18","19","23","23","27","19","19","19","21","20","20","15","18","18","16","20","19","1.2009","1.1747","1.0032","0.9997","0.9802","1.0238","1.1129","1.1922","1.2449","1.0781","1.0085","0.9405","1.2851","1.3082","1.2541","1.2323","1.257","1.1806","1.4122","1.3779","1.2849","1.4192","1.1644","1.2083","1.0047","0.9071","0.8026","0.6857","0.8109","0.8296","0.7252","0.7851","0.7975","0.9731","0.8782","0.7744","0.8865","0.8024","0.8607","0.8785","0.8326","0.8893","0.8533","0.8726","1.0293","1.0449","1.0187","1.1067","26","31","36","37","32","32","37","33","35","25","30","30","28","31","29","29","31","28","32","30","27","29","29","25"
"Italy","14","15","14","15","15","16","15","16","16","17","17","15","16","15","15","14","16","13","12","12","11","10","9","10","1.44","1.4438","1.476","1.4539","1.4778","1.4234","1.3915","1.4153","1.4216","1.3866","1.3751","1.405","1.4176","1.4635","1.4367","1.4507","1.3947","1.5035","1.522","1.4942","1.5658","1.5948","1.5952","1.653","0.0399","0.2523","0.2025","0.1603","-0.3028","-0.2993","-0.3995","-0.2951","-0.0548","-0.1608","-0.2585","-0.2613","0.1586","0.4229","0.6744","0.9516","1.1386","0.8219","0.8622","0.9219","0.7995","0.8176","0.8736","0.8987","59","53","55","58","75","73","77","71","66","71","77","75","62","49","39","27","22","32","31","29","34","34","36","34"
"Jamaica","92","76","70","76","78","81","78","57","63","65","74","82","76","82","84","94","83","89","95","101","97","97","95","105","-0.5794","-0.3277","-0.2292","-0.3005","-0.3932","-0.3666","-0.3043","0.063","0.0058","-0.0937","-0.2633","-0.3802","-0.286","-0.3614","-0.4675","-0.6482","-0.4674","-0.5624","-0.7023","-0.75","-0.656","-0.7169","-0.6416","-0.846","-0.9991","-0.7372","-0.6097","-0.7794","-0.8048","-0.7482","-0.7399","-0.4802","-0.4331","-0.6537","-0.9183","-0.9563","-0.9497","-0.9466","-0.9264","-0.9795","-0.9473","-0.9345","-0.8901","-1.0084","-0.8738","-0.8817","-0.8314","-1.0113","106","93","90","94","95","93","94","83","80","90","99","104","100","100","100","101","100","100","101","102","97","95","93","104"
"Jordan","51","57","52","52","49","50","49","50","47","47","49","50","49","52","54","56","44","33","34","31","46","32","48","30","0.1699","0.1018","0.1643","0.1438","0.2321","0.1888","0.295","0.2568","0.3547","0.3584","0.3565","0.2922","0.3241","0.2175","0.1733","0.0759","0.3291","0.5458","0.6224","0.6265","0.3017","0.6444","0.2312","0.698","0.4415","0.1921","0.0369","0.3556","0.4745","0.5986","0.6379","0.4947","0.4771","0.5664","0.4745","0.5984","0.4116","0.3554","0.3497","0.4423","0.2649","0.8468","1.3489","0.6814","0.0774","0.4858","-0.3304","0.5092","46","57","61","54","49","44","41","49","49","48","49","43","49","53","50","44","53","31","14","39","58","46","74","44"
"Japan","1","1","1","1","1","1","1","1","1","1","1","1","1","1","1","1","1","1","1","1","1","1","1","1","2.4265","2.4435","2.4871","2.4377","2.2971","2.3306","2.3293","2.3485","2.4386","2.2771","2.3118","2.3015","2.4436","2.6486","2.7404","2.7041","2.7861","2.7011","2.8951","2.7788","2.7039","2.7642","2.8689","2.7586","-0.4496","-0.3809","-0.4347","-0.2998","-0.5863","-0.8061","-0.847","-0.4068","-0.3005","-0.3416","-0.0967","0.0398","-0.0265","0.1017","0.1298","0.3292","0.4339","0.4589","0.2832","0.423","0.5216","0.5237","0.4708","0.6964","81","82","81","76","88","95","100","78","76","77","69","66","67","62","63","48","48","46","54","49","46","43","45","38"
"Kazakhstan","93","85","78","85","87","109","86","108","111","98","92","81","73","74","82","69","71","68","72","67","63","47","38","59","-0.5931","-0.4437","-0.4115","-0.5213","-0.5088","-0.9097","-0.4482","-0.9472","-0.8948","-0.7353","-0.5826","-0.3796","-0.1906","-0.2653","-0.4407","-0.1463","-0.1106","-0.0862","-0.1887","-0.1751","0.0308","0.3067","0.451","0.0526","-0.5737","-0.4092","-0.464","-0.5495","-0.5487","-0.7377","-0.4214","-0.7782","-0.7662","-0.6651","-0.5431","-0.4934","-0.4682","-0.5523","-0.502","-0.4206","-0.5077","-0.4444","-0.7129","-0.5206","-0.4059","-0.0438","0.1613","-0.3442","87","83","82","86","85","92","79","93","94","91","85","83","82","85","81","80","80","79","91","78","77","65","53","70"
"Kenya","77","89","84","91","79","75","77","74","76","76","78","84","83","93","88","89","90","85","89","80","81","78","84","73","-0.3389","-0.5443","-0.5252","-0.6117","-0.4032","-0.301","-0.2488","-0.2466","-0.3319","-0.2732","-0.3316","-0.4046","-0.3984","-0.607","-0.5662","-0.6031","-0.599","-0.4991","-0.5553","-0.3937","-0.4075","-0.355","-0.4697","-0.2939","0.5911","0.3772","-0.1273","-0.2077","0.2402","0.5965","0.2183","0.3272","0.9102","1.0044","0.773","0.7213","0.8994","0.4083","0.203","0.1407","-0.0031","0.0942","-0.2063","0.2704","-0.0167","0.2246","-0.119","0.1872","45","46","68","73","60","45","58","54","30","24","33","36","27","50","55","60","65","62","72","53","62","54","65","60"
"Kyrgyzstan","59","59","47","55","67","48","62","69","79","69","67","62","64","79","75","67","70","56","51","68","61","58","50","42","0.0372","0.0655","0.2673","0.1296","-0.1071","0.2522","0.0454","-0.1303","-0.3796","-0.1029","-0.1033","0.0215","-0.082","-0.2983","-0.2627","-0.1206","-0.0938","0.1201","0.2002","-0.1974","0.0384","0.0565","0.1924","0.3606","0.6139","0.3232","0.7421","0.542","0.3358","0.7357","0.6744","0.5902","-0.1188","0.4445","0.1553","0.066","0.3548","0.2655","0.5068","0.4301","0.1745","0.4302","0.3101","-0.3828","-0.2978","-0.0195","0.7483","0.4113","44","49","38","45","56","35","38","45","70","50","60","64","50","55","46","45","57","49","52","74","72","64","40","49"
"Cambodia","90","94","93","93","91","91","99","103","106","107","102","104","105","118","122","112","107","104","113","118","120","123","108","117","-0.5606","-0.6636","-0.6487","-0.6199","-0.579","-0.6337","-0.6263","-0.7535","-0.8514","-0.915","-0.7833","-0.7414","-0.8362","-1.1339","-1.1481","-0.9588","-0.8616","-0.8584","-0.9075","-1.1925","-1.4677","-1.352","-0.9051","-1.1342","-0.5602","-0.6507","-0.8236","-0.74","-0.7629","-0.7154","-0.9112","-1.046","-1.0114","-1.0407","-1.0257","-1.0501","-1.0372","-1.0894","-1.1869","-0.9863","-1.0686","-1.1163","-1.0712","-1.2406","-1.3318","-1.252","-0.9703","-1.1455","86","90","95","91","92","90","105","113","109","111","106","111","110","112","118","102","108","111","112","118","127","125","102","120"
"South Korea","3","4","4","4","4","7","4","8","8","9","11","10","11","10","14","16","14","15","19","20","20","18","18","21","2.1058","2.1124","2.0988","2.0576","1.9659","1.8137","1.8419","1.7519","1.7451","1.6224","1.5654","1.5653","1.5919","1.6729","1.4773","1.3876","1.4146","1.4569","1.2531","1.1657","1.1341","1.2814","1.2399","1.0469","0.7854","0.8545","0.8072","0.8522","0.8613","0.8434","0.8264","0.78","0.7809","0.7235","0.7489","0.7411","0.8082","0.8528","0.7901","0.8489","0.8824","0.9212","1.0138","1.0021","1.1209","1.138","1.0522","1.1065","35","33","35","31","31","31","31","34","36","39","36","34","33","29","35","30","29","26","26","27","24","23","26","26"
"Kuwait","100","72","79","87","121","119","116","127","51","132","133","133","126","75","102","98","103","95","105","89","85","108","80","97","-0.7033","-0.2493","-0.415","-0.5446","-1.2559","-1.1853","-1.1273","-1.5907","0.179","-1.684","-2.6921","-2.2269","-1.4988","-0.2824","-0.8371","-0.7159","-0.8026","-0.6361","-0.803","-0.4944","-0.4769","-1.0076","-0.4134","-0.6471","-1.1176","-1.1083","-1.0994","-1.1023","-1.0923","-1.06","-1.0867","-1.1146","-0.9961","-1.1815","-1.1672","-1.2041","-1.1925","-1.1271","-1.2063","-1.1982","-1.1925","-1.2272","-1.1895","-1.1921","-1.1563","-1.1902","-1.1356","-1.0815","114","112","114","113","114","116","117","121","106","122","126","123","125","115","123","123","120","120","122","114","112","120","114","112"
"Laos","96","98","101","109","109","108","107","106","108","110","101","101","108","115","113","117","114","111","116","117","111","102","93","114","-0.6275","-0.756","-0.817","-0.8569","-0.9231","-0.9038","-0.8705","-0.7719","-0.8549","-0.9388","-0.7816","-0.7037","-0.8871","-0.9825","-1.008","-1.1233","-0.9976","-0.9281","-1.0423","-1.1405","-0.956","-0.8131","-0.6104","-1.1112","-0.4744","-0.498","-0.6602","-0.5353","-0.7465","-0.5864","-0.7406","-0.7078","-0.6298","-0.9112","-0.798","-0.8723","-1.0283","-0.846","-0.9555","-1.0878","-1.1103","-1.0503","-1.1543","-1.1894","-1.153","-0.837","-0.6825","-1.1767","82","87","92","84","91","84","95","90","85","103","94","97","107","97","104","111","113","105","118","113","111","92","86","123"
"Lebanon","45","41","42","43","47","45","47","46","43","42","43","46","45","46","49","50","52","58","55","50","47","49","65","61","0.3538","0.416","0.476","0.3852","0.3193","0.3787","0.3698","0.397","0.4834","0.5298","0.4959","0.494","0.4482","0.3639","0.2864","0.1616","0.2177","0.1044","0.123","0.1721","0.2679","0.2749","-0.0928","-0.0119","1.1125","1.0915","1.2659","1.3306","1.6646","1.4208","1.3757","1.4281","1.4937","1.4636","1.6813","1.8885","1.738","1.6157","1.3171","1.1061","1.4733","0.955","1.075","1.2279","1.2102","1.0755","0.1272","0.4709","22","20","16","14","8","10","12","10","9","11","6","2","6","9","16","21","11","25","24","18","21","26","55","45"
"Liberia","120","95","126","126","119","104","111","98","105","91","110","119","118","100","53","58","94","92","97","97","92","100","120","106","-1.1532","-0.6915","-1.2194","-1.3426","-1.1918","-0.8184","-1.0341","-0.709","-0.82","-0.5615","-0.9027","-1.143","-1.0402","-0.7579","0.1922","0.0463","-0.6801","-0.6141","-0.7458","-0.66","-0.5878","-0.7822","-1.2236","-0.891","-1.1058","-0.9985","-1.138","-1.1783","-1.0754","-1.0011","-1.1219","-1.0193","-1.0611","-1.0268","-1.0463","-1.117","-1.1079","-1.1226","-1.0188","-1.0218","-1.1572","-1.1583","-1.1297","-1.1283","-1.1201","-1.12","-1.171","-1.0989","112","104","116","120","113","107","118","111","115","108","111","114","115","114","108","104","117","115","115","107","110","113","120","114"
"Libya","128","116","122","130","128","133","133","130","118","133","129","123","96","92","106","79","96","109","109","102","94","95","86","82","-1.4634","-1.0324","-1.1369","-1.6569","-1.5342","-1.8563","-2.7911","-1.727","-1.1","-1.7976","-1.7132","-1.3983","-0.7585","-0.5899","-0.9086","-0.329","-0.6991","-0.8949","-0.8412","-0.7584","-0.6166","-0.6751","-0.4833","-0.4667","-1.1519","-1.2029","-1.2308","-1.2289","-1.1596","-1.124","-1.1579","-1.1462","-1.1587","-1.1671","-1.1379","-1.1709","-1.1231","-1.1875","-1.206","-1.1373","-1.1886","-1.242","-1.1882","-1.2318","-1.1908","-1.1538","-1.1658","-1.0553","119","120","125","126","125","123","121","124","121","120","119","119","117","119","121","117","119","121","121","116","113","116","118","107"
"Sri Lanka","78","87","82","81","75","77","74","75","80","83","69","75","82","89","81","87","84","82","87","86","91","89","98","95","-0.3558","-0.4925","-0.497","-0.4653","-0.3087","-0.3106","-0.2369","-0.2571","-0.4084","-0.4334","-0.1369","-0.2793","-0.3753","-0.5084","-0.4352","-0.5018","-0.4703","-0.4127","-0.482","-0.4799","-0.5769","-0.6174","-0.7148","-0.6342","0.4259","0.463","0.2631","0.4004","0.2978","0.4458","0.5135","0.2996","0.3077","0.2017","0.374","0.3493","0.2477","0.2217","0.1636","-0.0481","-0.0585","-0.0074","-0.0013","-0.0627","-0.2093","-0.306","-0.3185","-0.2093","47","44","51","51","57","53","49","56","56","57","51","52","55","58","57","66","67","66","64","64","70","72","72","66"
"Lithuania","31","32","36","36","37","36","33","34","34","41","41","42","41","45","45","51","53","54","49","45","45","43","43","37","0.8571","0.774","0.6471","0.619","0.6787","0.6753","0.7405","0.771","0.6711","0.5727","0.5432","0.5666","0.5497","0.365","0.3308","0.1528","0.1635","0.1848","0.2232","0.2891","0.3315","0.3542","0.3587","0.4177","1.5413","1.5967","1.5604","1.4837","1.5605","1.3051","1.2147","1.1167","1.3515","1.2924","1.1897","1.4818","1.2505","1.0624","0.7936","0.8077","0.8705","0.7515","0.7671","0.8058","0.9616","1.3659","1.1168","1.2972","9","7","8","10","10","12","17","22","13","15","20","11","18","22","34","32","30","35","35","32","29","10","22","18"
"Latvia","34","37","43","41","39","37","34","35","38","36","40","39","40","40","43","38","41","47","47","47","49","42","47","44","0.7046","0.6233","0.4674","0.5456","0.6495","0.6553","0.7021","0.7216","0.6082","0.6792","0.5805","0.658","0.5509","0.5278","0.4141","0.4215","0.4142","0.27","0.2703","0.253","0.2332","0.3547","0.2398","0.3413","1.2749","1.4362","1.3051","1.1701","1.3541","1.3012","1.0023","1.1211","1.1646","1.124","1.3405","1.1021","1.0365","0.8863","0.8458","0.7693","0.6254","0.5172","0.3718","0.5125","0.6246","0.5219","0.4152","0.6169","17","11","15","17","11","13","27","21","23","20","15","23","25","26","30","35","40","42","48","43","41","44","47","41"
"Morocco","91","90","90","89","81","85","79","78","82","80","87","79","84","87","91","96","95","93","93","93","99","90","89","91","-0.5627","-0.5766","-0.6081","-0.574","-0.4319","-0.4729","-0.3253","-0.3618","-0.4621","-0.3575","-0.4585","-0.3548","-0.4194","-0.4742","-0.6104","-0.703","-0.6974","-0.6237","-0.579","-0.5726","-0.7306","-0.6284","-0.5709","-0.6006","-0.0741","-0.0788","-0.1241","0.027","0.0388","0.2048","0.0329","0.0145","0.05","0.0226","-0.0589","0.0527","0.1781","-0.117","-0.1962","-0.2279","-0.4225","-0.3404","-0.3851","-0.316","-0.3711","-0.3538","-0.3087","-0.2254","65","66","67","64","63","59","64","65","62","67","66","65","59","73","69","72","79","75","78","73","76","73","71","67"
"Moldova","71","67","69","67","61","53","55","61","57","56","58","51","60","64","67","66","62","57","60","61","54","55","52","35","-0.1812","-0.0973","-0.1975","-0.1483","0.0279","0.1441","0.1702","0.0403","0.1269","0.1598","0.0962","0.2906","0.0415","-0.1216","-0.1306","-0.1029","-0.0221","0.1079","0.0245","-0.021","0.0801","0.1197","0.1503","0.4467","-0.0287","0.0275","0.0216","0.0698","0.2404","0.34","0.5515","0.4081","0.4732","0.1901","0.0623","0.4113","0.2103","-0.0866","-0.115","-0.0611","0.1043","0.1525","0.0974","0.2517","-0.0895","-0.2474","0.0668","0.3191","61","64","62","62","59","57","48","53","51","59","61","50","57","72","68","67","60","60","61","54","66","71","60","52"
"Madagascar","113","117","105","104","98","101","101","85","85","87","95","88","97","101","120","118","115","116","117","114","112","112","109","108","-1.0063","-1.0563","-0.9439","-0.78","-0.6901","-0.7793","-0.6552","-0.4908","-0.5023","-0.4848","-0.6049","-0.4583","-0.7734","-0.8056","-1.1049","-1.1852","-1.1117","-1.0589","-1.0747","-1.0329","-1.0148","-1.0977","-0.972","-0.9487","-0.8562","-0.8133","-0.6288","-0.5337","-0.5086","-0.612","-0.482","-0.4242","-0.0809","-0.29","-0.3463","-0.3216","-0.5221","-0.2256","-0.7346","-0.7674","-0.6386","-0.6924","-0.6212","-0.618","-0.5701","-0.6078","-0.6539","-0.583","101","96","91","83","81","86","81","79","68","75","78","80","85","75","88","91","87","90","86","84","82","82","82","79"
"Mexico","19","18","17","17","19","19","19","24","18","20","19","17","18","17","22","22","19","22","25","22","29","28","25","29","1.2881","1.3538","1.3934","1.332","1.2881","1.235","1.1651","1.0291","1.2584","1.1942","1.2185","1.3445","1.302","1.3396","1.1757","1.1609","1.2637","1.0756","0.9227","0.9615","0.7383","0.7833","0.8889","0.7074","0.6554","0.6306","0.6511","0.6823","0.7147","0.7478","0.6625","0.6914","0.6382","0.6861","0.7239","0.5848","0.6633","0.7779","0.8998","0.7286","0.6008","0.6531","0.6605","0.7892","0.8242","0.9054","1.0436","1.0295","41","41","41","38","37","34","39","38","42","40","37","44","39","33","27","37","42","39","36","34","33","33","28","29"
"North Macedonia","57","66","68","74","72","68","67","67","69","71","65","65","66","65","66","73","65","62","53","53","62","48","42","39","0.0683","-0.079","-0.1864","-0.2417","-0.2158","-0.1239","-0.0826","-0.0849","-0.0886","-0.1633","-0.0671","-0.0815","-0.097","-0.1254","-0.1282","-0.2161","-0.0323","0.0745","0.163","0.1317","0.0339","0.2905","0.3598","0.3971","-0.2354","-0.243","-0.3127","-0.2374","-0.2159","0.2188","0.1638","0.2302","0.5726","0.6008","-0.0397","0.0707","0.4272","0.2522","0.2685","0.2126","0.4205","0.4112","0.43","0.3633","0.5729","0.7401","0.7601","0.8223","73","77","79","74","72","58","61","59","43","44","65","62","48","57","54","55","49","52","46","51","42","36","39","36"
"Mali","85","86","80","96","112","118","103","97","93","113","77","87","93","105","92","106","99","70","79","104","108","116","105","99","-0.4897","-0.4478","-0.423","-0.6752","-1.0404","-1.1685","-0.6826","-0.6687","-0.6326","-1.0147","-0.3154","-0.4491","-0.552","-0.8376","-0.6186","-0.8646","-0.7611","-0.1401","-0.3943","-0.8333","-0.8925","-1.1773","-0.8208","-0.7181","-0.8471","-0.5818","-0.6038","-1.0479","-1.0253","-1.0393","-0.8242","-0.6886","-0.642","-0.8633","-0.4633","-0.6078","-0.6648","-0.8128","-0.8111","-0.874","-0.6817","-0.4111","-0.5143","-0.8823","-0.9909","-1.0619","-0.966","-1.029","99","89","88","109","107","114","99","88","87","98","83","86","88","95","93","97","90","78","80","99","105","109","101","105"
"Myanmar","111","101","117","118","122","115","117","118","123","120","117","117","123","119","118","123","119","122","124","119","118","120","124","121","-0.9735","-0.8559","-1.0227","-1.1494","-1.3515","-1.1396","-1.1535","-1.0704","-1.2945","-1.2303","-1.0518","-1.0261","-1.2006","-1.1347","-1.0555","-1.3514","-1.2479","-1.2813","-1.2509","-1.1991","-1.3376","-1.237","-1.3316","-1.294","-0.1817","-0.1794","-0.5967","-0.8569","-1.1103","-0.6878","-0.9028","-0.8901","-1.0081","-1.1008","-1.0675","-1.0187","-1.0827","-0.9881","-0.8258","-1.0469","-0.9922","-1.0133","-0.9337","-0.93","-1.0004","-0.9477","-1.0668","-1.0749","70","68","87","98","118","89","104","99","108","116","112","109","112","104","94","109","101","104","104","100","106","100","109","110"
"Mongolia","107","118","110","120","125","120","122","117","125","104","118","113","102","104","108","110","98","94","90","91","87","84","74","93","-0.8781","-1.0768","-0.9637","-1.2155","-1.3748","-1.2491","-1.3461","-1.0496","-1.3621","-0.8608","-1.1061","-0.9436","-0.8088","-0.8245","-0.9208","-0.9447","-0.7346","-0.6338","-0.5558","-0.5198","-0.5141","-0.5423","-0.2811","-0.609","-1.106","-1.1656","-1.0594","-1.1652","-1.1725","-1.1361","-1.211","-1.1363","-1.1985","-1.137","-1.1422","-1.1062","-1.0143","-0.9485","-1.0995","-1.0055","-0.9991","-0.9704","-0.9238","-0.8665","-0.935","-0.9463","-0.9474","-0.9903","113","117","110","119","127","124","125","123","124","118","120","113","106","101","113","103","102","102","103","97","100","99","98","102"
"Mozambique","121","126","124","122","111","113","120","123","127","111","114","125","122","123","115","121","126","128","100","72","95","87","113","111","-1.2491","-1.4142","-1.1851","-1.2403","-1.0367","-1.1356","-1.2661","-1.1971","-1.4636","-0.9477","-0.9733","-1.4531","-1.1976","-1.2406","-1.0253","-1.2597","-1.3325","-1.5466","-0.7777","-0.2862","-0.6214","-0.6095","-1.0786","-0.9966","-1.0317","-1.1722","-1.0068","-1.1081","-0.9325","-0.8953","-1.0468","-1.0249","-1.1397","-0.7326","-0.7631","-1.167","-1.0333","-1.0938","-0.985","-1.1433","-1.1864","-1.2732","-0.7982","-0.5317","-0.8309","-0.8669","-1.0172","-0.9743","109","119","107","114","102","102","112","112","118","93","91","118","108","113","106","118","118","125","93","79","93","94","106","99"
"Mauritania","114","127","129","129","126","132","125","126","133","123","132","131","129","125","131","99","123","119","126","120","119","126","117","125","-1.026","-1.4492","-1.5266","-1.4209","-1.4256","-1.6827","-1.4928","-1.5649","-1.8963","-1.3603","-1.9529","-1.8657","-1.7238","-1.3877","-1.8914","-0.743","-1.2926","-1.1849","-1.4354","-1.2704","-1.4375","-1.7139","-1.1834","-1.6259","-1.2054","-1.3501","-1.3451","-1.3199","-1.2121","-1.2754","-1.2966","-1.2705","-1.3497","-1.2467","-1.3004","-1.333","-1.2849","-1.3085","-1.3512","-1.1661","-1.2678","-1.3029","-1.2956","-1.3192","-1.286","-1.337","-1.2302","-1.2232","124","131","132","131","128","132","132","131","132","129","132","132","132","131","131","120","129","128","130","125","124","128","123","127"
"Mauritius","69","70","76","69","65","66","68","66","68","63","72","69","75","69","70","77","79","77","82","84","89","81","90","86","-0.1731","-0.2307","-0.3351","-0.1657","-0.0564","-0.1021","-0.0967","-0.0679","-0.0777","-0.0075","-0.1481","-0.17","-0.2148","-0.1385","-0.1742","-0.2917","-0.3886","-0.2874","-0.4243","-0.4761","-0.5366","-0.4686","-0.5827","-0.4913","-0.074","-0.1864","-0.0237","-0.1842","-0.1495","0.0159","0.2224","0.1718","0.1205","0.2231","-0.2033","-0.0826","-0.1378","-0.0073","-0.308","-0.4319","-0.3775","-0.5363","-0.6005","-0.6866","-0.7419","-0.7108","-0.8312","-0.7498","64","71","64","71","68","65","57","62","58","56","72","71","70","67","78","81","75","83","83","89","88","85","92","86"
"Malawi","118","115","115","102","83","103","115","114","114","121","112","110","104","124","125","128","127","120","119","116","117","119","119","113","-1.1208","-1.0237","-0.9993","-0.745","-0.47","-0.8024","-1.0853","-1.0091","-1.0145","-1.253","-0.9494","-0.8483","-0.8143","-1.3746","-1.2417","-1.5444","-1.4439","-1.2033","-1.1108","-1.1256","-1.2974","-1.2211","-1.2072","-1.0882","-1.1239","-1.0397","-1.0699","-0.8601","-0.5988","-0.8104","-1.0768","-0.924","-1.0064","-1.0796","-0.9189","-0.9263","-0.8823","-1.2349","-1.0671","-1.259","-1.2332","-1.051","-1.0068","-1.1493","-1.2272","-1.1056","-1.0031","-0.9811","115","108","111","99","89","97","116","101","107","113","100","101","95","126","111","127","124","106","107","109","116","112","105","101"
"Malaysia","26","28","26","26","27","29","29","25","29","34","27","26","25","26","21","23","24","25","26","28","37","35","34","36","1.0289","1.0213","1.0524","1.0344","0.9925","0.9416","0.9364","1.022","0.8899","0.7327","0.9202","0.958","0.979","0.92","1.2295","1.1299","1.0205","0.9118","0.8024","0.7695","0.4972","0.5854","0.5579","0.4272","0.7279","0.6743","0.8519","0.8","0.7814","0.6814","0.7256","0.6419","0.5232","0.5868","0.483","0.337","0.3494","0.1916","0.3461","0.1685","0.2622","0.3238","0.169","0.1797","0.0775","0.3647","0.2463","0.2102","37","40","32","34","33","37","36","42","47","45","48","53","51","59","52","58","54","53","58","58","57","50","52","59"
"Namibia","81","88","83","77","88","78","84","89","99","60","66","89","85","85","79","71","73","87","78","0","0","0","0","0","-0.4305","-0.4931","-0.5223","-0.355","-0.5211","-0.3141","-0.4018","-0.5628","-0.7064","0.0863","-0.0907","-0.4586","-0.4253","-0.4366","-0.4133","-0.1946","-0.1381","-0.5265","-0.389","","","","","","-0.6448","-0.741","-0.8045","-0.5705","-0.5022","-0.3886","-0.3321","-0.6346","-0.7437","0.1762","-0.2218","-0.5446","-0.6924","-0.4385","-0.4641","-0.3536","-0.3634","-0.7233","-0.6187","","","","","","90","94","94","87","80","77","74","86","92","60","73","85","89","81","80","77","74","92","85","0","0","0","0","0"
"Nigeria","133","133","132","133","133","131","127","133","132","131","130","132","132","133","132","131","131","131","132","129","127","128","127","128","-1.8971","-1.7646","-1.7944","-2.1798","-1.9002","-1.6781","-1.6056","-1.8758","-1.895","-1.6652","-1.7968","-2.092","-2.0742","-2.2429","-2.3516","-1.6002","-1.7065","-1.8962","-2.188","-1.9645","-1.8384","-1.8146","-1.9323","-2.1075","-1.2834","-1.2999","-1.3077","-1.3515","-1.2288","-1.1465","-1.1753","-1.2235","-1.2946","-1.2049","-1.1594","-1.2539","-1.224","-1.3337","-1.3443","-1.2771","-1.2898","-1.3286","-1.3084","-1.347","-1.2653","-1.2434","-1.2533","-1.2599","131","130","131","132","130","126","124","129","131","127","124","128","129","132","130","129","131","130","131","126","121","124","127","128"
"Nicaragua","105","109","104","112","105","102","95","101","110","99","98","102","112","111","111","109","102","107","98","103","105","96","102","88","-0.8361","-0.9583","-0.9143","-0.9611","-0.8541","-0.8017","-0.6024","-0.7284","-0.884","-0.7846","-0.6304","-0.7061","-0.9392","-0.9082","-0.9998","-0.9408","-0.7945","-0.8863","-0.7496","-0.8203","-0.7944","-0.6828","-0.7686","-0.5619","-0.6862","-0.78","-0.8888","-0.9147","-0.7957","-0.5969","-0.4067","-0.6247","-0.7123","-0.6355","-0.4722","-0.7627","-0.89","-0.7598","-0.6906","-0.7307","-0.5362","-0.581","-0.6264","-0.6697","-0.6053","-0.4433","-0.6746","-0.4919","91","95","98","101","94","85","78","85","91","87","84","92","97","92","87","89","82","87","87","87","84","76","85","76"
"Netherlands","27","26","24","23","24","27","27","27","22","22","22","24","22","22","23","20","22","19","20","16","17","17","16","15","0.9801","1.0323","1.0936","1.1216","1.087","1.0172","0.9637","0.9988","1.1062","1.1102","1.0702","0.9996","1.1177","1.0808","1.1714","1.246","1.1748","1.2885","1.2425","1.4255","1.3016","1.3455","1.3372","1.4019","1.6997","1.5667","1.4581","1.3709","1.3245","1.4454","1.5464","1.5584","1.2535","1.2088","1.3011","1.4633","1.4751","1.6058","1.6196","1.4436","1.6714","1.5055","1.6338","1.2767","1.5066","1.502","1.6227","1.6527","7","8","9","12","15","9","9","9","17","17","16","12","12","11","10","13","7","10","9","14","9","7","8","6"
"Norway","43","42","38","29","36","35","44","42","37","33","35","40","37","31","29","27","28","34","30","25","24","24","26","24","0.4362","0.4125","0.5687","0.9125","0.6819","0.7046","0.512","0.5339","0.6224","0.7331","0.705","0.6408","0.6102","0.7046","0.7356","0.8768","0.7548","0.5409","0.6424","0.8247","0.8824","0.8545","0.8157","0.8734","-0.0465","0.0635","0.1477","0.3661","0.1386","0.0595","-0.0373","-0.0566","0.0269","0.0347","-0.0845","-0.0628","-0.2849","-0.195","-0.0639","0.0822","0.0192","-0.1928","-0.2012","0.0691","0.2203","0.0549","0.04","0.2818","62","63","57","53","61","62","68","66","63","64","68","70","76","74","67","63","63","71","71","62","53","59","62","55"
"New Zealand","54","51","54","49","55","49","53","49","53","51","51","48","46","41","40","41","42","50","40","43","42","44","40","33","0.1287","0.1721","0.1029","0.2135","0.1226","0.1957","0.218","0.2907","0.1714","0.2533","0.3222","0.3865","0.4206","0.4844","0.4491","0.3922","0.3686","0.2089","0.3938","0.3476","0.3722","0.3522","0.3925","0.5005","0.0447","0.1186","0.2389","0.2195","0.2613","0.4303","0.7452","0.7303","0.7469","0.793","0.6983","0.8472","0.8403","0.8258","1.0068","1.0383","0.7713","0.7061","0.7838","0.789","0.7723","0.7171","0.6924","0.769","58","61","53","56","58","54","35","35","38","32","39","27","32","30","22","24","35","37","34","35","36","38","42","37"
"Oman","83","84","89","95","99","97","105","94","88","96","100","103","106","106","98","91","108","117","125","111","71","73","69","68","-0.4812","-0.4321","-0.5653","-0.6704","-0.7321","-0.693","-0.7799","-0.6007","-0.5145","-0.6927","-0.7476","-0.7137","-0.8658","-0.8575","-0.7016","-0.6341","-0.9179","-1.1045","-1.2584","-0.9284","-0.2069","-0.228","-0.2215","-0.1921","-0.9807","-0.9823","-1.0117","-1.075","-1.0622","-1.0336","-1.068","-0.99","-1.0276","-1.0495","-1.0835","-1.1251","-1.1834","-1.222","-1.1826","-1.1647","-1.214","-1.2926","-1.2917","-1.2647","-0.8924","-0.9884","-0.9767","-0.9221","105","102","109","112","111","112","114","108","112","112","114","115","122","123","117","119","123","126","128","120","98","102","103","93"
"Pakistan","99","97","95","98","95","96","94","91","96","84","79","85","89","94","96","103","100","101","99","106","106","104","101","102","-0.6795","-0.7244","-0.7192","-0.7045","-0.5959","-0.6904","-0.5919","-0.5798","-0.6633","-0.4652","-0.3653","-0.4259","-0.513","-0.6174","-0.6541","-0.7901","-0.7694","-0.745","-0.7677","-0.8734","-0.8573","-0.852","-0.766","-0.7723","0.273","0.4094","0.4187","0.3786","0.4917","0.4979","0.4689","0.7256","0.3771","0.4833","0.5265","0.4171","0.3176","0.2547","0.3325","0.1623","-0.3991","-0.4083","-0.4417","-0.5371","-0.6308","-0.6094","-0.5264","-0.4405","51","45","47","52","45","48","50","36","54","49","45","49","52","56","53","59","77","77","79","80","86","83","77","73"
"Panama","74","53","33","32","31","32","26","32","32","35","37","44","43","57","55","64","58","52","54","51","64","63","63","53","-0.2404","0.1399","0.761","0.8267","0.8978","0.8492","1.0049","0.9299","0.7703","0.6877","0.6274","0.5083","0.5185","0.0767","0.0623","-0.0351","0.0473","0.1875","0.1338","0.1606","-0.0028","-0.0284","-0.0296","0.1567","-0.496","-0.1989","0.6603","0.8729","0.9704","0.9809","1.1814","1.133","0.9705","0.7804","0.8984","0.7495","0.7595","0.4007","0.4526","0.057","0.2234","0.4359","0.4211","0.4521","0.3783","0.0404","-0.3247","0.2399","83","72","40","30","25","24","19","20","27","34","28","32","34","52","48","64","55","48","47","46","49","62","73","57"
"Peru","104","99","99","99","97","92","87","87","97","86","84","91","91","90","90","88","85","78","77","82","84","86","78","79","-0.8057","-0.792","-0.7718","-0.7224","-0.617","-0.6351","-0.4667","-0.527","-0.6799","-0.4829","-0.4038","-0.4907","-0.5303","-0.5468","-0.6009","-0.5942","-0.4767","-0.3393","-0.3872","-0.4547","-0.4513","-0.5883","-0.3752","-0.3954","-0.2391","-0.3257","-0.0393","0.1884","0.4247","0.1242","0.337","0.2402","0.1095","0.4036","0.2178","-0.111","-0.1598","0.1509","0.1341","0.2043","0.0059","0.0756","-0.0396","-0.0643","-0.0101","-0.3604","-0.3666","-0.4469","74","81","65","57","50","61","55","58","60","53","59","72","71","61","61","56","64","63","66","65","61","74","75","74"
"Philippines","35","33","29","31","33","38","46","43","41","43","45","49","48","55","48","55","46","51","63","57","66","59","61","69","0.6747","0.7158","0.9374","0.8336","0.8375","0.64","0.4482","0.5037","0.5425","0.4918","0.4713","0.3273","0.3272","0.1227","0.2865","0.0942","0.3011","0.1943","0.0002","0.0722","-0.119","0.055","0.0054","-0.2066","0.2371","0.2303","0.3252","0.458","0.5901","0.4628","0.5551","0.4185","0.09","0.0318","0.0288","-0.272","-0.1756","-0.241","-0.2567","-0.3888","-0.2315","-0.1598","-0.3658","-0.2705","-0.1385","0.0543","0.4059","0.3249","53","54","49","47","40","50","47","51","61","66","63","77","74","76","71","79","73","70","75","72","67","60","48","51"
"Papua New Guinea","130","132","133","132","130","127","112","121","130","129","127","126","130","129","130","126","121","123","122","127","129","129","126","129","-1.6783","-1.6209","-1.8031","-1.8341","-1.5642","-1.502","-1.0443","-1.1591","-1.6396","-1.6167","-1.4345","-1.6452","-1.7437","-1.5578","-1.5834","-1.4545","-1.2594","-1.3176","-1.1897","-1.7609","-2.0427","-1.9355","-1.9247","-2.1157","-1.2386","-1.2879","-1.2886","-1.3135","-1.1651","-1.1665","-1.0238","-1.0551","-1.239","-1.2618","-1.2229","-1.2731","-1.2372","-1.2248","-1.2129","-1.1733","-1.1275","-1.1996","-1.0908","-1.2818","-1.3043","-1.2651","-1.244","-1.1834","130","129","130","130","126","129","111","115","129","130","131","130","130","125","125","121","115","117","114","123","126","126","125","124"
"Poland","23","21","23","22","22","23","24","21","23","21","21","21","23","25","25","28","26","24","24","27","25","25","28","28","1.0986","1.1876","1.1233","1.1411","1.1334","1.111","1.0391","1.1666","1.0873","1.1556","1.1178","1.1077","1.0678","0.9699","0.9821","0.876","0.9421","0.9793","0.9433","0.784","0.8327","0.8401","0.7981","0.7751","1.2128","1.0049","1.1734","1.0563","1.0395","0.988","1.1455","0.9662","1.1121","0.7895","0.9019","0.9086","1.2626","1.5409","1.4861","1.7374","1.6665","1.7526","1.8421","2.0371","1.948","2.0221","1.9557","1.8366","21","26","20","22","23","23","24","28","25","33","27","26","17","12","13","8","8","7","5","3","4","3","3","3"
"Portugal","33","34","35","35","34","34","35","36","35","38","34","35","35","33","31","35","34","28","33","34","34","38","37","38","0.8011","0.7139","0.684","0.725","0.7636","0.7053","0.6993","0.6986","0.6576","0.6473","0.7443","0.7388","0.6954","0.6735","0.6985","0.6001","0.5841","0.7014","0.6271","0.5404","0.544","0.4774","0.4857","0.4037","1.9357","2.0237","2.075","1.9806","2.0394","2.2219","2.1149","2.1089","2.0409","2.0651","1.8194","1.6494","1.7508","1.7406","1.7178","1.4675","1.3927","1.3117","1.34","1.0707","1.0621","1.0449","0.9794","0.9711","4","5","4","4","3","3","2","3","3","3","3","7","4","6","8","11","14","15","15","25","26","28","34","31"
"Paraguay","89","96","98","88","96","87","91","84","91","89","88","90","87","96","94","102","97","102","107","95","82","88","96","75","-0.5504","-0.6947","-0.7603","-0.5546","-0.6106","-0.5614","-0.4927","-0.4898","-0.5568","-0.5349","-0.4826","-0.4862","-0.5022","-0.6405","-0.646","-0.7804","-0.7161","-0.7556","-0.8315","-0.6268","-0.4354","-0.6118","-0.6711","-0.3151","-0.8433","-0.9786","-0.9983","-0.8693","-0.8749","-0.8252","-0.6976","-0.781","-0.7521","-0.8091","-0.7746","-0.6153","-0.549","-0.6598","-0.8659","-0.8049","-0.88","-0.8627","-0.8789","-0.8413","-0.7655","-0.7108","-0.6464","-0.4827","97","101","105","100","100","99","89","94","93","95","93","87","86","88","95","95","96","97","98","96","91","86","81","75"
"Qatar","75","80","85","78","90","89","100","119","71","112","111","94","86","63","57","47","64","75","86","98","113","115","87","90","-0.3087","-0.3992","-0.5331","-0.372","-0.5684","-0.5671","-0.6439","-1.105","-0.1171","-0.9632","-0.9085","-0.5822","-0.4647","-0.0814","0.0139","0.2152","-0.0257","-0.2527","-0.4691","-0.6835","-1.0204","-1.1264","-0.5014","-0.5944","-1.0189","-1.0928","-1.1052","-0.9862","-0.9902","-1.006","-0.9934","-1.0597","-1.0199","-1.0381","-1.0278","-1.0493","-1.061","-1.0796","-1.0321","-1.0316","-1.0461","-1.1368","-1.1345","-1.2412","-1.2825","-1.2307","-1.148","-1.0902","107","111","115","106","106","109","108","116","110","110","107","110","111","109","109","106","106","112","116","119","123","122","116","113"
"Romania","25","22","22","25","25","25","28","28","28","27","30","29","33","38","35","40","37","39","36","36","33","30","32","31","1.0879","1.1761","1.1796","1.0397","1.0849","1.0694","0.9522","0.9703","0.8979","0.9496","0.8917","0.8921","0.7307","0.5676","0.5277","0.3999","0.5496","0.4617","0.5496","0.5183","0.5617","0.7176","0.6071","0.6158","1.2371","1.0753","1.1","1.141","1.1973","1.0855","1.2289","1.2371","1.2362","1.0467","1.2665","1.1654","1.2068","1.3157","1.133","1.2039","1.0871","1.0796","1.04","1.114","1.1478","1.3568","1.1924","1.2978","20","23","23","19","16","20","16","16","18","22","17","21","21","17","20","19","25","23","25","24","23","13","18","17"
"Russia","64","54","56","51","62","65","70","64","55","62","61","56","50","39","42","30","33","32","28","33","30","34","36","51","-0.0378","0.1215","0.0974","0.1741","-0.0106","-0.0817","-0.1301","-0.0284","0.1329","0.0299","0.0558","0.1799","0.3115","0.5638","0.4241","0.6926","0.6022","0.5754","0.7552","0.541","0.7052","0.5989","0.5014","0.2249","0.1631","0.2542","0.3198","0.1526","-0.172","-0.2701","-0.2218","-0.3103","-0.2714","-0.1542","-0.163","-0.1972","-0.0892","-0.0413","0.0296","0.2921","0.2649","0.2095","0.363","0.5054","0.6754","0.3978","0.3481","0.3139","56","52","50","59","71","71","71","73","75","70","71","74","69","70","65","52","52","57","49","45","39","49","49","53"
"Saudi Arabia","36","43","64","61","69","69","97","99","50","88","107","95","67","47","51","37","60","59","67","48","56","74","68","48","0.6731","0.3821","-0.0595","-0.0015","-0.1837","-0.1436","-0.6179","-0.7148","0.1796","-0.4969","-0.87","-0.5826","-0.121","0.3528","0.241","0.4667","0.0367","0.1007","-0.0605","0.2173","0.0611","-0.3034","-0.2013","0.3011","-0.4258","-0.4921","-0.7867","-0.8384","-0.8623","-0.8864","-0.9784","-0.977","-0.8277","-0.9163","-0.9692","-0.9966","-0.9222","-0.8823","-0.9132","-0.7561","-0.9061","-0.9815","-1.0048","-0.7405","-0.9597","-1.045","-1.0441","-0.7874","79","86","93","96","97","101","106","104","98","104","103","107","98","98","99","90","99","103","106","91","103","107","108","89"
"Senegal","95","92","92","90","85","88","83","104","92","97","93","78","92","76","93","83","88","90","84","94","83","91","99","104","-0.6269","-0.6003","-0.6166","-0.5928","-0.5058","-0.5624","-0.3882","-0.7549","-0.595","-0.7353","-0.5827","-0.3419","-0.5354","-0.2907","-0.6359","-0.4196","-0.5407","-0.587","-0.4385","-0.6256","-0.451","-0.6358","-0.7203","-0.8225","-0.1708","-0.2259","-0.3873","-0.1226","0.004","-0.1827","-0.0065","-0.4329","-0.1769","-0.4909","-0.2303","0.2869","-0.1667","0.0183","-0.2975","-0.2162","-0.5437","-0.5603","-0.3516","-0.4935","-0.4088","-0.7483","-0.891","-0.9211","69","76","80","67","64","68","66","80","73","83","75","56","73","65","75","71","83","84","74","77","78","88","95","92"
"Singapore","5","5","5","5","7","5","5","4","4","4","4","7","8","8","8","9","10","10","11","10","13","19","17","20","1.8512","1.8825","1.9345","1.8721","1.7486","1.8389","1.7588","1.8129","2.0195","1.9775","1.9067","1.6601","1.6964","1.7607","1.8171","1.7907","1.711","1.6251","1.5549","1.6547","1.4383","1.2344","1.3018","1.2052","0.6391","0.4745","0.6095","0.6413","0.6395","0.6454","0.5852","0.6525","0.5634","0.5668","0.5311","0.5233","0.4672","0.4679","0.5711","0.6351","0.6854","0.6397","0.5399","0.5113","0.5668","0.2866","0.2543","0.4625","42","43","45","42","38","42","43","41","44","47","44","47","47","46","42","41","39","40","42","44","43","52","51","46"
"El Salvador","53","55","53","59","56","55","57","56","61","66","60","63","68","78","72","78","74","72","68","64","68","66","70","64","0.1341","0.1148","0.113","0.0524","0.1206","0.1084","0.132","0.0944","0.0266","-0.0944","0.0792","-0.0235","-0.1226","-0.291","-0.2008","-0.3064","-0.2804","-0.1574","-0.1143","-0.1256","-0.1279","-0.116","-0.2298","-0.1418","0.2492","0.3339","0.3508","0.4044","0.369","0.4742","0.3603","0.2988","0.2128","0.2234","0.3599","0.2459","0.1943","0.0741","0.1008","-0.1758","-0.1131","-0.0519","-0.0509","0.0369","0.0057","-0.0964","-0.1486","-0.0295","52","47","48","50","54","49","54","57","57","55","52","57","58","64","64","70","71","68","67","63","60","68","66","62"
"Serbia","38","38","37","37","42","39","36","39","39","39","36","34","39","35","0","0","0","0","0","0","0","0","0","0","0.6668","0.6139","0.6222","0.5981","0.6005","0.6255","0.695","0.625","0.6","0.6325","0.6338","0.7447","0.5833","0.627","","","","","","","","","","","1.6173","1.5389","1.366","1.4846","1.3267","1.3542","1.5481","1.6555","1.5855","1.4756","1.5536","1.3835","1.5923","1.4658","","","","","","","","","","","8","9","13","9","14","11","8","6","8","10","9","13","10","15","0","0","0","0","0","0","0","0","0","0"
"Slovakia","15","14","16","14","14","15","16","15","15","16","16","16","17","21","18","18","18","18","18","19","19","20","19","17","1.4125","1.4818","1.4449","1.4673","1.5242","1.5044","1.354","1.4237","1.4491","1.4093","1.4661","1.3925","1.36","1.2616","1.2679","1.3453","1.2842","1.3063","1.3285","1.2479","1.1661","1.2302","1.1972","1.3173","0.878","0.8265","0.8089","0.7819","0.7742","0.7184","0.8087","0.7983","0.7523","0.7641","0.684","0.7034","0.8675","0.9992","0.906","0.928","1.1751","1.1952","1.2144","1.1721","1.255","1.3466","1.4308","1.4066","31","35","34","35","35","36","33","31","37","37","40","37","30","24","26","28","20","20","20","22","19","15","10","11"
"Slovenia","10","11","10","12","12","13","13","13","14","13","13","13","12","12","10","13","13","14","14","13","15","15","15","13","1.6167","1.623","1.6995","1.5706","1.5526","1.5553","1.4881","1.5271","1.4838","1.5024","1.4882","1.4787","1.565","1.5999","1.6915","1.5982","1.4863","1.5005","1.5048","1.4823","1.433","1.437","1.3567","1.4739","0.7256","0.7361","0.6275","0.6464","0.6354","0.5753","0.5901","0.6144","0.706","0.638","0.5141","0.5774","0.6167","0.7885","0.8119","0.9625","1.1209","1.0841","1.1287","1.1178","1.1696","1.2674","1.3899","1.3667","38","38","44","41","39","46","42","43","40","42","46","45","41","32","31","26","24","22","22","23","22","20","12","16"
"Sweden","8","8","7","8","8","8","8","5","6","5","5","5","4","4","4","4","4","5","5","4","4","4","4","3","1.6976","1.7132","1.7404","1.7376","1.7408","1.7833","1.7138","1.7738","1.8129","1.88","1.8129","1.825","1.9253","2.0046","2.1299","2.1655","2.1346","2.0384","2.1121","2.1159","2.0342","2.0577","2.1894","2.2965","0.6159","0.7133","0.6476","0.5924","0.3785","0.1921","0.1725","0.312","0.4038","-0.0376","0.2928","0.3154","0.4739","0.6143","0.6756","0.7812","0.7747","0.8153","0.8367","0.7779","0.8573","0.9518","0.8504","0.9213","43","39","42","43","53","60","60","55","53","68","56","54","46","40","38","34","34","33","33","36","30","31","37","32"
"Eswatini","67","63","61","54","46","61","54","53","49","31","33","25","30","36","38","44","40","44","43","0","0","0","0","0","-0.0785","-0.0558","-0.0153","0.1311","0.3788","0.0189","0.2154","0.187","0.2377","0.8414","0.7487","0.959","0.7617","0.6264","0.4891","0.2991","0.4242","0.3193","0.2948","","","","","","-0.4415","-0.4887","-0.4655","-0.2844","-0.0659","-0.2051","-0.115","0.0416","-0.0743","0.1198","0.4393","0.1148","0.2539","-0.0156","-0.2796","-0.2892","-0.0482","-0.2147","-0.2726","","","","","","80","85","83","75","65","69","70","64","67","63","50","60","54","68","72","74","66","72","73","0","0","0","0","0"
"Togo","102","103","94","94","93","86","92","96","101","85","90","97","103","98","89","86","93","84","106","100","100","107","106","96","-0.7837","-0.8844","-0.6959","-0.6218","-0.5896","-0.537","-0.4933","-0.6562","-0.7503","-0.4771","-0.5322","-0.6372","-0.8106","-0.7158","-0.5747","-0.4973","-0.6795","-0.4637","-0.8067","-0.7195","-0.7368","-0.8778","-0.8779","-0.6455","-0.7182","-0.7313","-0.5645","-0.7623","-0.4334","-0.4334","-0.3862","-0.7566","-0.7821","-0.5759","-0.806","-0.7829","-0.5653","-0.4213","-0.5303","-0.5033","-0.5264","-0.3584","-0.7391","-0.7192","-0.7771","-0.7981","-0.7476","-0.6282","92","92","85","93","78","79","76","92","95","85","95","93","87","79","84","82","81","76","92","90","92","90","88","81"
"Thailand","22","25","20","20","23","24","25","23","26","30","31","30","31","32","34","36","38","36","37","39","48","51","46","49","1.1691","1.1519","1.2375","1.2449","1.1084","1.0726","1.0258","1.0952","0.9756","0.8884","0.8547","0.8744","0.7467","0.6818","0.6323","0.5851","0.4994","0.5235","0.5377","0.4308","0.263","0.2466","0.2638","0.2534","1.2696","1.2934","1.1989","1.109","1.3531","1.2727","1.2072","1.3349","1.2965","1.1697","1.3722","1.3049","1.4287","1.5033","1.4731","1.5821","1.5547","1.5021","1.3709","1.4211","1.2799","1.3913","1.1468","1.5962","19","15","18","21","12","16","18","13","15","18","13","18","14","13","14","9","10","11","13","9","17","9","20","7"
"Tajikistan","116","106","112","117","107","112","121","111","119","119","113","116","116","97","100","104","106","97","101","83","79","65","58","85","-1.0877","-0.9377","-0.9915","-1.1419","-0.9049","-1.118","-1.3446","-0.9806","-1.1991","-1.215","-0.9667","-1.0156","-0.9644","-0.6959","-0.8032","-0.8321","-0.858","-0.6971","-0.7777","-0.4715","-0.3529","-0.1055","0.0328","-0.488","-1.2188","-1.1424","-1.1595","-1.188","-1.0582","-1.1624","-1.2527","-1.093","-1.1435","-1.2835","-1.1507","-1.2003","-1.1684","-1.0296","-1.0639","-1.1213","-1.1124","-1.0761","-1.0795","-1.0304","-0.9487","-0.708","-0.7255","-0.9233","128","114","118","121","110","128","129","118","119","131","122","121","121","107","110","114","114","109","113","104","102","84","87","94"
"Turkmenistan","106","124","111","115","110","117","123","122","112","116","108","118","117","113","107","120","111","105","112","92","70","85","94","109","-0.8439","-1.2789","-0.979","-1.0987","-0.9586","-1.1681","-1.3874","-1.1631","-0.9031","-1.0927","-0.8833","-1.0792","-1.0239","-0.9536","-0.9137","-1.2574","-0.935","-0.8632","-0.8653","-0.5567","-0.2005","-0.5703","-0.6152","-0.9871","-1.149","-1.2737","-1.2114","-1.2479","-1.1421","-1.1502","-1.2196","-1.2081","-1.1217","-1.1902","-1.162","-1.2335","-1.1923","-1.2144","-1.2061","-1.3037","-1.2031","-1.2138","-1.1726","-1.1059","-0.7493","-1.0614","-1.1113","-1.1415","118","128","120","128","124","127","126","128","116","125","125","126","124","121","122","130","122","118","119","105","89","108","112","119"
"Trinidad and Tobago","58","68","67","71","92","82","75","79","73","82","81","80","80","68","62","72","68","46","65","59","51","60","62","57","0.0527","-0.1514","-0.1784","-0.2096","-0.5807","-0.3925","-0.2398","-0.3724","-0.2018","-0.3578","-0.3998","-0.3585","-0.35","-0.138","-0.0614","-0.208","-0.0622","0.2989","-0.0361","0.0025","0.1782","0.0496","0.0016","0.0792","-0.9225","-1.0288","-0.9973","-0.9786","-1.0538","-1.0505","-0.9812","-0.9828","-1.0464","-0.9758","-1.0296","-0.9997","-1.0351","-1.0128","-0.8917","-0.9686","-0.8043","-0.6149","-0.8348","-0.6232","-0.3548","-0.4048","-0.5444","-0.5171","104","106","103","104","109","115","107","105","113","106","109","108","109","106","97","99","94","89","96","85","75","75","78","77"
"Tunisia","46","46","45","45","45","44","43","45","48","54","54","54","56","59","65","70","57","65","66","66","65","69","72","66","0.3351","0.331","0.2997","0.3077","0.4597","0.4037","0.5127","0.4493","0.2831","0.2034","0.1869","0.2266","0.1436","-0.0078","-0.1253","-0.1763","0.0529","0.0409","-0.0415","-0.1381","-0.114","-0.1488","-0.2515","-0.1599","0.7352","1.0885","0.9522","0.976","0.958","0.9028","0.8141","0.9487","0.8044","0.771","0.7131","0.8168","0.5188","0.4896","0.3663","0.3543","0.3671","0.2872","0.1534","-0.0807","-0.0643","-0.1588","-0.0545","-0.1273","36","21","27","28","28","29","32","29","34","35","38","28","44","44","49","47","51","54","60","67","65","69","64","64"
"Turkey","40","36","41","40","38","42","38","40","42","46","42","45","47","48","50","52","54","55","56","54","55","53","56","56","0.6397","0.6366","0.5041","0.5497","0.6632","0.5788","0.6595","0.6101","0.5379","0.4769","0.5099","0.5021","0.4161","0.2751","0.2427","0.1424","0.1275","0.1609","0.1178","0.1139","0.0795","0.1544","0.0792","0.0857","2.2273","2.0402","2.2834","2.1748","2.0892","2.4053","1.9656","2.1943","2.1678","2.2124","1.8389","1.8276","2.1258","2.0971","1.9337","2.0496","1.8394","2.0173","2.0036","2.0491","1.9565","1.7054","1.7098","1.4457","3","3","2","2","2","2","3","2","2","2","2","4","2","2","3","3","5","4","4","2","3","5","7","10"
"Tanzania","68","105","113","110","108","93","89","90","98","95","96","98","99","112","109","116","118","121","121","112","107","121","118","118","-0.0931","-0.9249","-0.993","-0.8657","-0.9083","-0.6549","-0.4861","-0.5657","-0.7003","-0.6745","-0.6211","-0.6479","-0.7967","-0.9219","-0.9605","-1.0964","-1.2356","-1.2415","-1.1416","-0.9434","-0.8644","-1.2455","-1.1862","-1.1534","1.372","0.2029","0.1998","0.095","0.512","0.9105","1.1466","0.6588","0.8117","0.8814","1.0731","1.1396","0.6329","0.3278","0.3468","-0.1279","-0.4207","-0.4824","-0.3794","-0.1836","-0.3144","-0.5543","-0.6685","-0.7267","13","56","56","60","44","28","23","40","33","27","23","22","40","54","51","68","78","81","76","70","73","78","83","83"
"Uganda","86","93","87","84","84","84","90","93","89","93","91","99","98","109","117","113","122","118","123","121","114","117","114","120","-0.4954","-0.607","-0.539","-0.5197","-0.4832","-0.4547","-0.4908","-0.5882","-0.5346","-0.575","-0.5617","-0.6793","-0.785","-0.8868","-1.0293","-0.9736","-1.2852","-1.1762","-1.2506","-1.4447","-1.0708","-1.1784","-1.1037","-1.2231","0.3685","0.2689","0.5328","0.4475","0.4846","0.6303","0.4482","0.2091","0.4154","0.1713","0.2367","0.067","-0.1647","-0.5093","-0.5185","-0.667","-0.8857","-0.7375","-0.9135","-1.1785","-1.0166","-1.0188","-0.9093","-1.0568","49","50","46","48","46","43","51","60","52","61","58","63","72","83","82","86","97","93","102","111","107","104","96","108"
"Ukraine","44","45","50","46","43","43","42","44","45","44","44","41","38","37","32","29","36","30","35","40","31","29","30","50","0.3677","0.3614","0.25","0.3035","0.505","0.5177","0.5324","0.4754","0.4698","0.4877","0.4892","0.6037","0.5989","0.5887","0.6672","0.7431","0.5707","0.6138","0.6082","0.4234","0.696","0.7275","0.747","0.245","1.0684","1.0733","0.8582","1.0444","1.0758","1.0446","1.1612","1.0737","1.1591","1.1441","1.1572","1.3257","1.2342","1.0375","1.1615","1.2169","1.1275","1.2847","1.2249","1.1894","1.0887","1.0929","1.1087","0.3937","23","24","30","23","22","22","21","24","24","19","21","16","19","23","19","18","23","17","19","20","25","24","23","50"
"Uruguay","60","58","58","53","52","54","64","55","59","59","55","57","59","54","61","57","59","53","50","52","52","57","51","45","0.0247","0.09","0.0419","0.1433","0.1537","0.135","0.0175","0.1099","0.0564","0.1194","0.1698","0.14","0.047","0.141","-0.0518","0.0606","0.0429","0.1859","0.2003","0.1582","0.1281","0.0849","0.1828","0.3371","-0.2344","-0.215","-0.2692","-0.1222","-0.0909","0.0206","0.0474","0.2059","0.1155","0.0325","0.3073","0.3942","0.2345","0.4013","0.1463","0.2884","0.1197","0.412","0.5865","0.5508","0.7079","0.6574","0.6904","0.6047","72","74","77","66","66","64","63","61","59","65","54","51","56","51","59","53","59","51","39","41","38","41","43","42"
"United States of America","11","12","11","9","11","12","12","12","12","15","12","11","10","9","9","8","8","6","6","7","7","8","8","9","1.5483","1.5547","1.6759","1.692","1.5712","1.609","1.5076","1.5692","1.5647","1.4631","1.4908","1.5047","1.6159","1.7486","1.8136","1.8359","1.8591","1.9658","2.0066","1.8929","1.9319","1.861","1.7464","1.7995","0.2084","0.2548","-0.1879","-0.4711","-0.3","-0.8184","-0.6266","-0.6659","-0.6532","-0.2569","-0.3503","-0.0618","-0.4254","-0.4199","-0.2817","0.114","0.1229","-0.1045","0.0259","0.374","0.2963","0.4935","1.0042","0.9107","55","51","72","81","74","98","85","87","88","74","79","69","79","78","73","61","58","69","62","50","52","45","32","33"
"Uzbekistan","80","78","91","97","80","98","85","92","86","92","89","77","88","83","86","84","89","80","88","73","74","68","66","87","-0.4112","-0.3458","-0.6137","-0.6863","-0.4206","-0.7066","-0.4227","-0.5856","-0.5059","-0.5634","-0.5026","-0.3213","-0.5119","-0.3879","-0.5203","-0.4431","-0.5878","-0.3855","-0.495","-0.3194","-0.2984","-0.1409","-0.1422","-0.5492","-0.3349","-0.3192","-0.5792","-0.7498","-0.4423","-0.6456","-0.5398","-0.62","-0.5957","-0.6535","-0.8258","-0.7417","-0.7696","-0.6948","-0.7579","-0.6488","-0.7585","-0.749","-0.6457","-0.8032","-0.862","-0.7907","-0.6724","-0.9754","77","80","86","92","79","87","82","84","83","89","96","91","91","90","91","85","93","95","88","94","96","89","84","100"
"Venezuela","119","121","127","127","117","121","130","129","124","103","120","106","94","77","78","61","63","66","70","60","58","67","64","62","-1.1399","-1.1426","-1.2861","-1.3624","-1.1732","-1.2635","-1.6836","-1.6494","-1.3145","-0.8493","-1.1709","-0.7989","-0.5624","-0.2908","-0.4101","-0.0145","-0.0226","-0.0122","-0.1321","-0.0017","0.048","-0.1243","-0.0414","-0.0435","-1.2047","-1.2389","-1.2503","-1.2342","-1.1347","-1.0968","-1.1692","-1.1824","-1.1979","-1.1313","-1.1024","-1.0653","-0.9989","-1.0839","-0.9526","-0.8234","-0.7522","-0.8608","-0.8812","-0.6754","-0.5688","-0.7436","-0.8285","-0.7319","123","123","126","127","122","119","123","127","123","117","116","112","105","111","103","96","92","96","99","88","81","87","91","84"
"Vietnam","52","60","57","62","54","63","59","58","70","70","63","66","65","88","85","90","81","86","92","99","104","94","104","107","0.145","0.0279","0.0726","-0.005","0.1354","-0.0082","0.0785","0.0605","-0.0959","-0.106","-0.0424","-0.0998","-0.085","-0.4967","-0.4747","-0.6172","-0.4485","-0.5246","-0.5712","-0.704","-0.7834","-0.6687","-0.8128","-0.915","0.9752","0.7499","0.7232","0.8257","1.1814","1.1581","1.0079","1.2309","1.26","0.8002","1.0398","1.0214","0.9888","0.5936","0.7472","0.6127","0.5458","0.5004","0.5121","0.2142","0.0379","0.2727","-0.0293","-0.3207","29","36","39","33","18","18","26","17","16","31","25","24","26","41","36","42","43","44","45","56","59","53","63","69"
"Yemen","123","120","109","105","118","122","119","115","122","118","119","124","119","121","126","129","128","130","128","126","124","125","125","124","-1.3106","-1.1358","-0.9627","-0.7925","-1.1779","-1.2764","-1.1717","-1.019","-1.2863","-1.1532","-1.1182","-1.4357","-1.065","-1.1619","-1.2701","-1.551","-1.4515","-1.6404","-1.6645","-1.7573","-1.6295","-1.6599","-1.383","-1.4133","-1.1757","-1.1634","-1.1585","-0.968","-1.2528","-1.2329","-1.2266","-1.1028","-1.2225","-1.1885","-1.1986","-1.2813","-1.1663","-1.2236","-1.2342","-1.3287","-1.2888","-1.3506","-1.2931","-1.3554","-1.348","-1.2883","-1.2651","-1.196","120","116","117","103","132","131","128","119","127","124","128","131","120","124","128","131","130","131","129","127","128","127","128","126"
"South Africa","63","61","60","57","51","56","61","65","56","58","56","58","54","49","46","42","47","49","46","49","43","46","45","47","-0.0233","-0.0339","-0.0113","0.0871","0.1544","0.0967","0.0495","-0.0428","0.1321","0.1285","0.1335","0.1029","0.1793","0.2581","0.3014","0.3405","0.2966","0.236","0.2724","0.2159","0.3452","0.3109","0.2834","0.3145","1.3682","1.241","1.4055","1.8328","1.8753","1.5419","1.726","1.6491","1.5984","1.8198","1.3442","1.2875","1.6914","1.7485","1.9005","2.2583","2.4658","2.1272","2.2487","1.7345","1.5942","1.3056","1.4751","1.2406","14","18","10","6","5","8","5","7","7","4","14","19","8","5","4","2","1","3","3","8","8","17","9","21"
"Zambia","94","123","96","82","86","79","81","102","102","106","106","92","107","107","104","111","105","112","94","81","93","105","91","92","-0.6181","-1.2262","-0.7243","-0.499","-0.5072","-0.3147","-0.3551","-0.7473","-0.7758","-0.8921","-0.8405","-0.5291","-0.8799","-0.8735","-0.8669","-0.9537","-0.8375","-0.9295","-0.6425","-0.4504","-0.5955","-0.8579","-0.5833","-0.6024","-0.7607","-1.2566","-0.9204","-0.7043","-0.679","-0.4522","-0.7104","-0.9287","-0.8951","-0.8871","-1.0675","-0.8775","-0.9917","-0.9512","-0.7826","-0.7685","-0.62","-0.7459","-0.5685","-0.4205","-0.5621","-0.8818","-0.7958","-0.8738","94","125","100","89","90","80","91","103","102","102","113","98","104","102","92","92","86","94","81","76","80","96","89","90"
"Zimbabwe","109","107","108","107","100","107","106","100","103","94","83","83","81","86","83","75","77","98","85","78","86","83","83","63","-0.9291","-0.9524","-0.9568","-0.8368","-0.7339","-0.8354","-0.8114","-0.7172","-0.7812","-0.6033","-0.4003","-0.3968","-0.3683","-0.4589","-0.4645","-0.2732","-0.3673","-0.6983","-0.4495","-0.3851","-0.5137","-0.5264","-0.4666","-0.122","-0.8285","-1.0391","-1.0069","-0.98","-0.8727","-0.8997","-0.7478","-0.7997","-0.6931","-0.5116","-0.4541","-0.2715","-0.2913","-0.0289","0.0275","-0.0284","0.4499","-0.2804","0.5153","0.0853","-0.3292","-0.5095","-0.2746","0.6462","96","107","108","105","98","103","96","95","90","84","82","76","77","69","66","65","46","73","44","61","74","77","68","40"