"iso3c","indicator_date","input_var","nada_dates"
"AFG",1997,"1997, 2000, 2003, 2010, 2015",NA
"AFG",2000,"1997, 2000, 2003, 2010, 2015","2000, 2010, 2015"
"AFG",2003,"1997, 2000, 2003, 2010, 2015",NA
"AFG",2010,"1997, 2000, 2003, 2010, 2015","2000, 2010, 2015"
"AFG",2015,"1997, 2000, 2003, 2010, 2015","2000, 2010, 2015"
"AGO",1996,"1996, 2001, 2015",NA
"AGO",2001,"1996, 2001, 2015",NA
"AGO",2006,NA,"2006, 2011, 2015"
"AGO",2011,NA,"2006, 2011, 2015"
"AGO",2015,"1996, 2001, 2015","2006, 2011, 2015"
"ALB",2000,"2000, 2005, 2008, 2017, 2020","2000, 2002, 2008, 2017"
"ALB",2002,NA,"2000, 2002, 2008, 2017"
"ALB",2005,"2000, 2005, 2008, 2017, 2020",NA
"ALB",2008,"2000, 2005, 2008, 2017, 2020","2000, 2002, 2008, 2017"
"ALB",2017,"2000, 2005, 2008, 2017, 2020","2000, 2002, 2008, 2017"
"ALB",2020,"2000, 2005, 2008, 2017, 2020",NA
"AND",2019,"2019",NA
"ARE",2003,NA,"2003, 2005, 2009"
"ARE",2005,NA,"2003, 2005, 2009"
"ARE",2009,NA,"2003, 2005, 2009"
"ARE",-99,NA,NA
"ARG",2007,NA,"2007, 2011"
"ARG",2011,"2011, 2019","2007, 2011"
"ARG",2019,"2011, 2019",NA
"ARM",2000,"2000, 2005, 2010, 2015","2000, 2005, 2015"
"ARM",2005,"2000, 2005, 2010, 2015","2000, 2005, 2015"
"ARM",2010,"2000, 2005, 2010, 2015",NA
"ARM",2015,"2000, 2005, 2010, 2015","2000, 2005, 2015"
"ATG",2009,NA,"2009"
"ATG",-99,NA,NA
"AUS",1989,"1989, 1995, 2001, 2004, 2007, 2011, 2014, 2017, 2022, 2024",NA
"AUS",1995,"1989, 1995, 2001, 2004, 2007, 2011, 2014, 2017, 2022, 2024",NA
"AUS",2001,"1989, 1995, 2001, 2004, 2007, 2011, 2014, 2017, 2022, 2024",NA
"AUS",2004,"1989, 1995, 2001, 2004, 2007, 2011, 2014, 2017, 2022, 2024",NA
"AUS",2007,"1989, 1995, 2001, 2004, 2007, 2011, 2014, 2017, 2022, 2024",NA
"AUS",2011,"1989, 1995, 2001, 2004, 2007, 2011, 2014, 2017, 2022, 2024",NA
"AUS",2014,"1989, 1995, 2001, 2004, 2007, 2011, 2014, 2017, 2022, 2024",NA
"AUS",2017,"1989, 1995, 2001, 2004, 2007, 2011, 2014, 2017, 2022, 2024",NA
"AUS",2022,"1989, 1995, 2001, 2004, 2007, 2011, 2014, 2017, 2022, 2024",NA
"AUS",2024,"1989, 1995, 2001, 2004, 2007, 2011, 2014, 2017, 2022, 2024",NA
"AUT",2003,NA,"2003"
"AUT",2006,"2006, 2014, 2019",NA
"AUT",2014,"2006, 2014, 2019",NA
"AUT",2019,"2006, 2014, 2019",NA
"AZE",2000,"2000, 2006","2000, 2006"
"AZE",2006,"2000, 2006","2000, 2006"
"BDI",1987,"1987, 1996, 2000, 2005, 2010, 2016","1987, 2000, 2016"
"BDI",1996,"1987, 1996, 2000, 2005, 2010, 2016",NA
"BDI",2000,"1987, 1996, 2000, 2005, 2010, 2016","1987, 2000, 2016"
"BDI",2005,"1987, 1996, 2000, 2005, 2010, 2016",NA
"BDI",2010,"1987, 1996, 2000, 2005, 2010, 2016",NA
"BDI",2016,"1987, 1996, 2000, 2005, 2010, 2016","1987, 2000, 2016"
"BEL",2003,NA,"2003"
"BEL",2008,"2008, 2013, 2019, 2024",NA
"BEL",2013,"2008, 2013, 2019, 2024",NA
"BEL",2019,"2008, 2013, 2019, 2024",NA
"BEL",2024,"2008, 2013, 2019, 2024",NA
"BEN",1996,"1996, 2001, 2006, 2011, 2014, 2017","1996, 2001, 2006, 2009, 2011, 2014, 2017"
"BEN",2001,"1996, 2001, 2006, 2011, 2014, 2017","1996, 2001, 2006, 2009, 2011, 2014, 2017"
"BEN",2006,"1996, 2001, 2006, 2011, 2014, 2017","1996, 2001, 2006, 2009, 2011, 2014, 2017"
"BEN",2009,NA,"1996, 2001, 2006, 2009, 2011, 2014, 2017"
"BEN",2011,"1996, 2001, 2006, 2011, 2014, 2017","1996, 2001, 2006, 2009, 2011, 2014, 2017"
"BEN",2014,"1996, 2001, 2006, 2011, 2014, 2017","1996, 2001, 2006, 2009, 2011, 2014, 2017"
"BEN",2017,"1996, 2001, 2006, 2011, 2014, 2017","1996, 2001, 2006, 2009, 2011, 2014, 2017"
"BFA",1992,NA,"1992, 1998, 2003, 2010, 2014, 2017, 2021"
"BFA",1993,"1993, 1996, 1999, 2006, 2010",NA
"BFA",1996,"1993, 1996, 1999, 2006, 2010",NA
"BFA",1998,NA,"1992, 1998, 2003, 2010, 2014, 2017, 2021"
"BFA",1999,"1993, 1996, 1999, 2006, 2010",NA
"BFA",2003,NA,"1992, 1998, 2003, 2010, 2014, 2017, 2021"
"BFA",2006,"1993, 1996, 1999, 2006, 2010",NA
"BFA",2010,"1993, 1996, 1999, 2006, 2010","1992, 1998, 2003, 2010, 2014, 2017, 2021"
"BFA",2014,NA,"1992, 1998, 2003, 2010, 2014, 2017, 2021"
"BFA",2017,NA,"1992, 1998, 2003, 2010, 2014, 2017, 2021"
"BFA",2021,NA,"1992, 1998, 2003, 2010, 2014, 2017, 2021"
"BGD",1993,"1993, 1994, 1995, 1997, 2000, 2001, 2003, 2004, 2006, 2007, 2011, 2012, 2014, 2017, 2019","1993, 1996, 1999, 2003, 2004, 2006, 2007, 2009, 2011, 2012, 2014, 2017"
"BGD",1994,"1993, 1994, 1995, 1997, 2000, 2001, 2003, 2004, 2006, 2007, 2011, 2012, 2014, 2017, 2019",NA
"BGD",1995,"1993, 1994, 1995, 1997, 2000, 2001, 2003, 2004, 2006, 2007, 2011, 2012, 2014, 2017, 2019",NA
"BGD",1996,NA,"1993, 1996, 1999, 2003, 2004, 2006, 2007, 2009, 2011, 2012, 2014, 2017"
"BGD",1997,"1993, 1994, 1995, 1997, 2000, 2001, 2003, 2004, 2006, 2007, 2011, 2012, 2014, 2017, 2019",NA
"BGD",1999,NA,"1993, 1996, 1999, 2003, 2004, 2006, 2007, 2009, 2011, 2012, 2014, 2017"
"BGD",2000,"1993, 1994, 1995, 1997, 2000, 2001, 2003, 2004, 2006, 2007, 2011, 2012, 2014, 2017, 2019",NA
"BGD",2001,"1993, 1994, 1995, 1997, 2000, 2001, 2003, 2004, 2006, 2007, 2011, 2012, 2014, 2017, 2019",NA
"BGD",2003,"1993, 1994, 1995, 1997, 2000, 2001, 2003, 2004, 2006, 2007, 2011, 2012, 2014, 2017, 2019","1993, 1996, 1999, 2003, 2004, 2006, 2007, 2009, 2011, 2012, 2014, 2017"
"BGD",2004,"1993, 1994, 1995, 1997, 2000, 2001, 2003, 2004, 2006, 2007, 2011, 2012, 2014, 2017, 2019","1993, 1996, 1999, 2003, 2004, 2006, 2007, 2009, 2011, 2012, 2014, 2017"
"BGD",2006,"1993, 1994, 1995, 1997, 2000, 2001, 2003, 2004, 2006, 2007, 2011, 2012, 2014, 2017, 2019","1993, 1996, 1999, 2003, 2004, 2006, 2007, 2009, 2011, 2012, 2014, 2017"
"BGD",2007,"1993, 1994, 1995, 1997, 2000, 2001, 2003, 2004, 2006, 2007, 2011, 2012, 2014, 2017, 2019","1993, 1996, 1999, 2003, 2004, 2006, 2007, 2009, 2011, 2012, 2014, 2017"
"BGD",2009,NA,"1993, 1996, 1999, 2003, 2004, 2006, 2007, 2009, 2011, 2012, 2014, 2017"
"BGD",2011,"1993, 1994, 1995, 1997, 2000, 2001, 2003, 2004, 2006, 2007, 2011, 2012, 2014, 2017, 2019","1993, 1996, 1999, 2003, 2004, 2006, 2007, 2009, 2011, 2012, 2014, 2017"
"BGD",2012,"1993, 1994, 1995, 1997, 2000, 2001, 2003, 2004, 2006, 2007, 2011, 2012, 2014, 2017, 2019","1993, 1996, 1999, 2003, 2004, 2006, 2007, 2009, 2011, 2012, 2014, 2017"
"BGD",2014,"1993, 1994, 1995, 1997, 2000, 2001, 2003, 2004, 2006, 2007, 2011, 2012, 2014, 2017, 2019","1993, 1996, 1999, 2003, 2004, 2006, 2007, 2009, 2011, 2012, 2014, 2017"
"BGD",2017,"1993, 1994, 1995, 1997, 2000, 2001, 2003, 2004, 2006, 2007, 2011, 2012, 2014, 2017, 2019","1993, 1996, 1999, 2003, 2004, 2006, 2007, 2009, 2011, 2012, 2014, 2017"
"BGD",2019,"1993, 1994, 1995, 1997, 2000, 2001, 2003, 2004, 2006, 2007, 2011, 2012, 2014, 2017, 2019",NA
"BGR",2008,"2008, 2014, 2019",NA
"BGR",2014,"2008, 2014, 2019",NA
"BGR",2019,"2008, 2014, 2019",NA
"BHR",2000,"2000, 2018",NA
"BHR",2018,"2000, 2018",NA
"BHS",-99,NA,NA
"BIH",2000,"2000, 2003, 2006, 2011",NA
"BIH",2003,"2000, 2003, 2006, 2011","2003, 2006, 2011"
"BIH",2006,"2000, 2003, 2006, 2011","2003, 2006, 2011"
"BIH",2011,"2000, 2003, 2006, 2011","2003, 2006, 2011"
"BLR",2005,"2005, 2012, 2019","2005, 2012"
"BLR",2012,"2005, 2012, 2019","2005, 2012"
"BLR",2019,"2005, 2012, 2019",NA
"BLZ",1991,NA,"1991, 2006, 2011, 2015"
"BLZ",1998,"1998, 1999, 2006, 2011, 2015",NA
"BLZ",1999,"1998, 1999, 2006, 2011, 2015",NA
"BLZ",2006,"1998, 1999, 2006, 2011, 2015","1991, 2006, 2011, 2015"
"BLZ",2011,"1998, 1999, 2006, 2011, 2015","1991, 2006, 2011, 2015"
"BLZ",2015,"1998, 1999, 2006, 2011, 2015","1991, 2006, 2011, 2015"
"BOL",1989,"1989, 1994, 1996, 1998, 2000, 2003, 2008, 2016",NA
"BOL",1993,NA,"1993, 1998, 2012"
"BOL",1994,"1989, 1994, 1996, 1998, 2000, 2003, 2008, 2016",NA
"BOL",1996,"1989, 1994, 1996, 1998, 2000, 2003, 2008, 2016",NA
"BOL",1998,"1989, 1994, 1996, 1998, 2000, 2003, 2008, 2016","1993, 1998, 2012"
"BOL",2000,"1989, 1994, 1996, 1998, 2000, 2003, 2008, 2016",NA
"BOL",2003,"1989, 1994, 1996, 1998, 2000, 2003, 2008, 2016",NA
"BOL",2008,"1989, 1994, 1996, 1998, 2000, 2003, 2008, 2016",NA
"BOL",2012,NA,"1993, 1998, 2012"
"BOL",2016,"1989, 1994, 1996, 1998, 2000, 2003, 2008, 2016",NA
"BRA",1986,"1986, 1991, 1996, 2003, 2013, 2019","1986, 1996, 2003"
"BRA",1991,"1986, 1991, 1996, 2003, 2013, 2019",NA
"BRA",1996,"1986, 1991, 1996, 2003, 2013, 2019","1986, 1996, 2003"
"BRA",2003,"1986, 1991, 1996, 2003, 2013, 2019","1986, 1996, 2003"
"BRA",2013,"1986, 1991, 1996, 2003, 2013, 2019",NA
"BRA",2019,"1986, 1991, 1996, 2003, 2013, 2019",NA
"BRB",2011,NA,"2011, 2012"
"BRB",2012,"2012","2011, 2012"
"BRN",-99,NA,NA
"BTN",2010,"2010",NA
"BTN",2014,NA,"2014"
"BWA",1988,"1988, 2000, 2007","1988, 2001, 2005, 2007, 2014"
"BWA",2000,"1988, 2000, 2007",NA
"BWA",2001,NA,"1988, 2001, 2005, 2007, 2014"
"BWA",2005,NA,"1988, 2001, 2005, 2007, 2014"
"BWA",2007,"1988, 2000, 2007","1988, 2001, 2005, 2007, 2014"
"BWA",2014,NA,"1988, 2001, 2005, 2007, 2014"
"CAF",1994,NA,"1994, 2006, 2016"
"CAF",1995,"1995, 1996, 2000, 2006, 2010, 2018",NA
"CAF",1996,"1995, 1996, 2000, 2006, 2010, 2018",NA
"CAF",2000,"1995, 1996, 2000, 2006, 2010, 2018",NA
"CAF",2006,"1995, 1996, 2000, 2006, 2010, 2018","1994, 2006, 2016"
"CAF",2010,"1995, 1996, 2000, 2006, 2010, 2018",NA
"CAF",2016,NA,"1994, 2006, 2016"
"CAF",2018,"1995, 1996, 2000, 2006, 2010, 2018",NA
"CAN",1994,"1994, 1996, 1998, 2000, 2002, 2003, 2004, 2005, 2006, 2007, 2008, 2009, 2010, 2011, 2012, 2013, 2014, 2015, 2016, 2017, 2018, 2019, 2020, 2021, 2022, 2023, 2024",NA
"CAN",1996,"1994, 1996, 1998, 2000, 2002, 2003, 2004, 2005, 2006, 2007, 2008, 2009, 2010, 2011, 2012, 2013, 2014, 2015, 2016, 2017, 2018, 2019, 2020, 2021, 2022, 2023, 2024",NA
"CAN",1998,"1994, 1996, 1998, 2000, 2002, 2003, 2004, 2005, 2006, 2007, 2008, 2009, 2010, 2011, 2012, 2013, 2014, 2015, 2016, 2017, 2018, 2019, 2020, 2021, 2022, 2023, 2024",NA
"CAN",2000,"1994, 1996, 1998, 2000, 2002, 2003, 2004, 2005, 2006, 2007, 2008, 2009, 2010, 2011, 2012, 2013, 2014, 2015, 2016, 2017, 2018, 2019, 2020, 2021, 2022, 2023, 2024",NA
"CAN",2002,"1994, 1996, 1998, 2000, 2002, 2003, 2004, 2005, 2006, 2007, 2008, 2009, 2010, 2011, 2012, 2013, 2014, 2015, 2016, 2017, 2018, 2019, 2020, 2021, 2022, 2023, 2024",NA
"CAN",2003,"1994, 1996, 1998, 2000, 2002, 2003, 2004, 2005, 2006, 2007, 2008, 2009, 2010, 2011, 2012, 2013, 2014, 2015, 2016, 2017, 2018, 2019, 2020, 2021, 2022, 2023, 2024",NA
"CAN",2004,"1994, 1996, 1998, 2000, 2002, 2003, 2004, 2005, 2006, 2007, 2008, 2009, 2010, 2011, 2012, 2013, 2014, 2015, 2016, 2017, 2018, 2019, 2020, 2021, 2022, 2023, 2024",NA
"CAN",2005,"1994, 1996, 1998, 2000, 2002, 2003, 2004, 2005, 2006, 2007, 2008, 2009, 2010, 2011, 2012, 2013, 2014, 2015, 2016, 2017, 2018, 2019, 2020, 2021, 2022, 2023, 2024",NA
"CAN",2006,"1994, 1996, 1998, 2000, 2002, 2003, 2004, 2005, 2006, 2007, 2008, 2009, 2010, 2011, 2012, 2013, 2014, 2015, 2016, 2017, 2018, 2019, 2020, 2021, 2022, 2023, 2024",NA
"CAN",2007,"1994, 1996, 1998, 2000, 2002, 2003, 2004, 2005, 2006, 2007, 2008, 2009, 2010, 2011, 2012, 2013, 2014, 2015, 2016, 2017, 2018, 2019, 2020, 2021, 2022, 2023, 2024",NA
"CAN",2008,"1994, 1996, 1998, 2000, 2002, 2003, 2004, 2005, 2006, 2007, 2008, 2009, 2010, 2011, 2012, 2013, 2014, 2015, 2016, 2017, 2018, 2019, 2020, 2021, 2022, 2023, 2024",NA
"CAN",2009,"1994, 1996, 1998, 2000, 2002, 2003, 2004, 2005, 2006, 2007, 2008, 2009, 2010, 2011, 2012, 2013, 2014, 2015, 2016, 2017, 2018, 2019, 2020, 2021, 2022, 2023, 2024",NA
"CAN",2010,"1994, 1996, 1998, 2000, 2002, 2003, 2004, 2005, 2006, 2007, 2008, 2009, 2010, 2011, 2012, 2013, 2014, 2015, 2016, 2017, 2018, 2019, 2020, 2021, 2022, 2023, 2024",NA
"CAN",2011,"1994, 1996, 1998, 2000, 2002, 2003, 2004, 2005, 2006, 2007, 2008, 2009, 2010, 2011, 2012, 2013, 2014, 2015, 2016, 2017, 2018, 2019, 2020, 2021, 2022, 2023, 2024",NA
"CAN",2012,"1994, 1996, 1998, 2000, 2002, 2003, 2004, 2005, 2006, 2007, 2008, 2009, 2010, 2011, 2012, 2013, 2014, 2015, 2016, 2017, 2018, 2019, 2020, 2021, 2022, 2023, 2024",NA
"CAN",2013,"1994, 1996, 1998, 2000, 2002, 2003, 2004, 2005, 2006, 2007, 2008, 2009, 2010, 2011, 2012, 2013, 2014, 2015, 2016, 2017, 2018, 2019, 2020, 2021, 2022, 2023, 2024",NA
"CAN",2014,"1994, 1996, 1998, 2000, 2002, 2003, 2004, 2005, 2006, 2007, 2008, 2009, 2010, 2011, 2012, 2013, 2014, 2015, 2016, 2017, 2018, 2019, 2020, 2021, 2022, 2023, 2024",NA
"CAN",2015,"1994, 1996, 1998, 2000, 2002, 2003, 2004, 2005, 2006, 2007, 2008, 2009, 2010, 2011, 2012, 2013, 2014, 2015, 2016, 2017, 2018, 2019, 2020, 2021, 2022, 2023, 2024",NA
"CAN",2016,"1994, 1996, 1998, 2000, 2002, 2003, 2004, 2005, 2006, 2007, 2008, 2009, 2010, 2011, 2012, 2013, 2014, 2015, 2016, 2017, 2018, 2019, 2020, 2021, 2022, 2023, 2024",NA
"CAN",2017,"1994, 1996, 1998, 2000, 2002, 2003, 2004, 2005, 2006, 2007, 2008, 2009, 2010, 2011, 2012, 2013, 2014, 2015, 2016, 2017, 2018, 2019, 2020, 2021, 2022, 2023, 2024",NA
"CAN",2018,"1994, 1996, 1998, 2000, 2002, 2003, 2004, 2005, 2006, 2007, 2008, 2009, 2010, 2011, 2012, 2013, 2014, 2015, 2016, 2017, 2018, 2019, 2020, 2021, 2022, 2023, 2024",NA
"CAN",2019,"1994, 1996, 1998, 2000, 2002, 2003, 2004, 2005, 2006, 2007, 2008, 2009, 2010, 2011, 2012, 2013, 2014, 2015, 2016, 2017, 2018, 2019, 2020, 2021, 2022, 2023, 2024",NA
"CAN",2020,"1994, 1996, 1998, 2000, 2002, 2003, 2004, 2005, 2006, 2007, 2008, 2009, 2010, 2011, 2012, 2013, 2014, 2015, 2016, 2017, 2018, 2019, 2020, 2021, 2022, 2023, 2024",NA
"CAN",2021,"1994, 1996, 1998, 2000, 2002, 2003, 2004, 2005, 2006, 2007, 2008, 2009, 2010, 2011, 2012, 2013, 2014, 2015, 2016, 2017, 2018, 2019, 2020, 2021, 2022, 2023, 2024",NA
"CAN",2022,"1994, 1996, 1998, 2000, 2002, 2003, 2004, 2005, 2006, 2007, 2008, 2009, 2010, 2011, 2012, 2013, 2014, 2015, 2016, 2017, 2018, 2019, 2020, 2021, 2022, 2023, 2024",NA
"CAN",2023,"1994, 1996, 1998, 2000, 2002, 2003, 2004, 2005, 2006, 2007, 2008, 2009, 2010, 2011, 2012, 2013, 2014, 2015, 2016, 2017, 2018, 2019, 2020, 2021, 2022, 2023, 2024",NA
"CAN",2024,"1994, 1996, 1998, 2000, 2002, 2003, 2004, 2005, 2006, 2007, 2008, 2009, 2010, 2011, 2012, 2013, 2014, 2015, 2016, 2017, 2018, 2019, 2020, 2021, 2022, 2023, 2024",NA
"CHE",1992,"1992, 1997, 2002, 2007, 2012, 2017, 2019",NA
"CHE",1997,"1992, 1997, 2002, 2007, 2012, 2017, 2019",NA
"CHE",2002,"1992, 1997, 2002, 2007, 2012, 2017, 2019",NA
"CHE",2007,"1992, 1997, 2002, 2007, 2012, 2017, 2019",NA
"CHE",2012,"1992, 1997, 2002, 2007, 2012, 2017, 2019",NA
"CHE",2017,"1992, 1997, 2002, 2007, 2012, 2017, 2019",NA
"CHE",2019,"1992, 1997, 2002, 2007, 2012, 2017, 2019",NA
"CHL",2004,NA,"2004"
"CHL",-99,NA,NA
"CHN",1995,"1995",NA
"CHN",2003,NA,"2003, 2007"
"CHN",2007,NA,"2003, 2007"
"CIV",1994,"1994, 1996, 1999, 2000, 2003, 2006, 2012, 2016",NA
"CIV",1996,"1994, 1996, 1999, 2000, 2003, 2006, 2012, 2016",NA
"CIV",1999,"1994, 1996, 1999, 2000, 2003, 2006, 2012, 2016",NA
"CIV",2000,"1994, 1996, 1999, 2000, 2003, 2006, 2012, 2016",NA
"CIV",2003,"1994, 1996, 1999, 2000, 2003, 2006, 2012, 2016",NA
"CIV",2006,"1994, 1996, 1999, 2000, 2003, 2006, 2012, 2016",NA
"CIV",2012,"1994, 1996, 1999, 2000, 2003, 2006, 2012, 2016",NA
"CIV",2016,"1994, 1996, 1999, 2000, 2003, 2006, 2012, 2016",NA
"CMR",1991,"1991, 1998, 2000, 2004, 2006, 2011, 2014, 2018","1991, 1998, 2000, 2004, 2006, 2011, 2014, 2018"
"CMR",1998,"1991, 1998, 2000, 2004, 2006, 2011, 2014, 2018","1991, 1998, 2000, 2004, 2006, 2011, 2014, 2018"
"CMR",2000,"1991, 1998, 2000, 2004, 2006, 2011, 2014, 2018","1991, 1998, 2000, 2004, 2006, 2011, 2014, 2018"
"CMR",2004,"1991, 1998, 2000, 2004, 2006, 2011, 2014, 2018","1991, 1998, 2000, 2004, 2006, 2011, 2014, 2018"
"CMR",2006,"1991, 1998, 2000, 2004, 2006, 2011, 2014, 2018","1991, 1998, 2000, 2004, 2006, 2011, 2014, 2018"
"CMR",2011,"1991, 1998, 2000, 2004, 2006, 2011, 2014, 2018","1991, 1998, 2000, 2004, 2006, 2011, 2014, 2018"
"CMR",2014,"1991, 1998, 2000, 2004, 2006, 2011, 2014, 2018","1991, 1998, 2000, 2004, 2006, 2011, 2014, 2018"
"CMR",2018,"1991, 1998, 2000, 2004, 2006, 2011, 2014, 2018","1991, 1998, 2000, 2004, 2006, 2011, 2014, 2018"
"COD",1995,"1995, 2001, 2007, 2010, 2013, 2017",NA
"COD",2001,"1995, 2001, 2007, 2010, 2013, 2017","2001, 2007, 2010, 2013"
"COD",2007,"1995, 2001, 2007, 2010, 2013, 2017","2001, 2007, 2010, 2013"
"COD",2010,"1995, 2001, 2007, 2010, 2013, 2017","2001, 2007, 2010, 2013"
"COD",2013,"1995, 2001, 2007, 2010, 2013, 2017","2001, 2007, 2010, 2013"
"COD",2017,"1995, 2001, 2007, 2010, 2013, 2017",NA
"COG",2003,"2003, 2005, 2011, 2014","2003, 2005, 2011, 2014"
"COG",2005,"2003, 2005, 2011, 2014","2003, 2005, 2011, 2014"
"COG",2011,"2003, 2005, 2011, 2014","2003, 2005, 2011, 2014"
"COG",2014,"2003, 2005, 2011, 2014","2003, 2005, 2011, 2014"
"COL",1986,"1986, 1990, 1995, 2000, 2005, 2010, 2015","1986, 1990, 1995, 2000, 2004, 2006, 2009, 2015"
"COL",1990,"1986, 1990, 1995, 2000, 2005, 2010, 2015","1986, 1990, 1995, 2000, 2004, 2006, 2009, 2015"
"COL",1995,"1986, 1990, 1995, 2000, 2005, 2010, 2015","1986, 1990, 1995, 2000, 2004, 2006, 2009, 2015"
"COL",2000,"1986, 1990, 1995, 2000, 2005, 2010, 2015","1986, 1990, 1995, 2000, 2004, 2006, 2009, 2015"
"COL",2004,NA,"1986, 1990, 1995, 2000, 2004, 2006, 2009, 2015"
"COL",2005,"1986, 1990, 1995, 2000, 2005, 2010, 2015",NA
"COL",2006,NA,"1986, 1990, 1995, 2000, 2004, 2006, 2009, 2015"
"COL",2009,NA,"1986, 1990, 1995, 2000, 2004, 2006, 2009, 2015"
"COL",2010,"1986, 1990, 1995, 2000, 2005, 2010, 2015",NA
"COL",2015,"1986, 1990, 1995, 2000, 2005, 2010, 2015","1986, 1990, 1995, 2000, 2004, 2006, 2009, 2015"
"COM",1996,"1996, 2000, 2012","1996, 2003, 2011, 2012"
"COM",2000,"1996, 2000, 2012",NA
"COM",2003,NA,"1996, 2003, 2011, 2012"
"COM",2011,NA,"1996, 2003, 2011, 2012"
"COM",2012,"1996, 2000, 2012","1996, 2003, 2011, 2012"
"CPV",2005,"2005",NA
"CRI",1992,NA,"1992, 2009, 2011"
"CRI",2009,NA,"1992, 2009, 2011"
"CRI",2011,"2011, 2018","1992, 2009, 2011"
"CRI",2018,"2011, 2018",NA
"CUB",2000,NA,"2000, 2006, 2010, 2014"
"CUB",2006,NA,"2000, 2006, 2010, 2014"
"CUB",2010,NA,"2000, 2006, 2010, 2014"
"CUB",2014,NA,"2000, 2006, 2010, 2014"
"CYM",2006,NA,"2006"
"CYP",2008,"2008, 2014, 2019",NA
"CYP",2014,"2008, 2014, 2019",NA
"CYP",2019,"2008, 2014, 2019",NA
"CZE",1993,"1993, 1996, 1999, 2002, 2008, 2014, 2019",NA
"CZE",1996,"1993, 1996, 1999, 2002, 2008, 2014, 2019",NA
"CZE",1999,"1993, 1996, 1999, 2002, 2008, 2014, 2019",NA
"CZE",2002,"1993, 1996, 1999, 2002, 2008, 2014, 2019",NA
"CZE",2008,"1993, 1996, 1999, 2002, 2008, 2014, 2019",NA
"CZE",2014,"1993, 1996, 1999, 2002, 2008, 2014, 2019",NA
"CZE",2019,"1993, 1996, 1999, 2002, 2008, 2014, 2019",NA
"DEU",2003,NA,"2003"
"DEU",2009,"2009, 2015, 2019, 2020",NA
"DEU",2015,"2009, 2015, 2019, 2020",NA
"DEU",2019,"2009, 2015, 2019, 2020",NA
"DEU",2020,"2009, 2015, 2019, 2020",NA
"DJI",2006,"2006","2006, 2007, 2021"
"DJI",2007,NA,"2006, 2007, 2021"
"DJI",2021,NA,"2006, 2007, 2021"
"DMA",2009,NA,"2009"
"DMA",-99,NA,NA
"DNK",2003,NA,"2003"
"DNK",2015,"2015, 2019",NA
"DNK",2019,"2015, 2019",NA
"DOM",1986,"1986, 1991, 1996, 1999, 2000, 2002, 2003, 2007, 2013, 2014, 2019","1986, 1991, 1996, 1999, 2002, 2003, 2007, 2013, 2014"
"DOM",1991,"1986, 1991, 1996, 1999, 2000, 2002, 2003, 2007, 2013, 2014, 2019","1986, 1991, 1996, 1999, 2002, 2003, 2007, 2013, 2014"
"DOM",1996,"1986, 1991, 1996, 1999, 2000, 2002, 2003, 2007, 2013, 2014, 2019","1986, 1991, 1996, 1999, 2002, 2003, 2007, 2013, 2014"
"DOM",1999,"1986, 1991, 1996, 1999, 2000, 2002, 2003, 2007, 2013, 2014, 2019","1986, 1991, 1996, 1999, 2002, 2003, 2007, 2013, 2014"
"DOM",2000,"1986, 1991, 1996, 1999, 2000, 2002, 2003, 2007, 2013, 2014, 2019",NA
"DOM",2002,"1986, 1991, 1996, 1999, 2000, 2002, 2003, 2007, 2013, 2014, 2019","1986, 1991, 1996, 1999, 2002, 2003, 2007, 2013, 2014"
"DOM",2003,"1986, 1991, 1996, 1999, 2000, 2002, 2003, 2007, 2013, 2014, 2019","1986, 1991, 1996, 1999, 2002, 2003, 2007, 2013, 2014"
"DOM",2007,"1986, 1991, 1996, 1999, 2000, 2002, 2003, 2007, 2013, 2014, 2019","1986, 1991, 1996, 1999, 2002, 2003, 2007, 2013, 2014"
"DOM",2013,"1986, 1991, 1996, 1999, 2000, 2002, 2003, 2007, 2013, 2014, 2019","1986, 1991, 1996, 1999, 2002, 2003, 2007, 2013, 2014"
"DOM",2014,"1986, 1991, 1996, 1999, 2000, 2002, 2003, 2007, 2013, 2014, 2019","1986, 1991, 1996, 1999, 2002, 2003, 2007, 2013, 2014"
"DOM",2019,"1986, 1991, 1996, 1999, 2000, 2002, 2003, 2007, 2013, 2014, 2019",NA
"DZA",1995,"1995, 2000, 2006, 2012, 2018",NA
"DZA",2000,"1995, 2000, 2006, 2012, 2018",NA
"DZA",2006,"1995, 2000, 2006, 2012, 2018",NA
"DZA",2010,NA,"2010"
"DZA",2012,"1995, 2000, 2006, 2012, 2018",NA
"DZA",2018,"1995, 2000, 2006, 2012, 2018",NA
"ECU",1987,"1987, 1999, 2003, 2004","1987, 1994, 1999, 2003, 2007"
"ECU",1994,NA,"1987, 1994, 1999, 2003, 2007"
"ECU",1999,"1987, 1999, 2003, 2004","1987, 1994, 1999, 2003, 2007"
"ECU",2003,"1987, 1999, 2003, 2004","1987, 1994, 1999, 2003, 2007"
"ECU",2004,"1987, 1999, 2003, 2004",NA
"ECU",2007,NA,"1987, 1994, 1999, 2003, 2007"
"EGY",1988,"1988, 1992, 2000, 2005, 2008, 2014, 2021","1988, 1992, 1995, 2000, 2003, 2005, 2006, 2008, 2011, 2013, 2014"
"EGY",1992,"1988, 1992, 2000, 2005, 2008, 2014, 2021","1988, 1992, 1995, 2000, 2003, 2005, 2006, 2008, 2011, 2013, 2014"
"EGY",1995,NA,"1988, 1992, 1995, 2000, 2003, 2005, 2006, 2008, 2011, 2013, 2014"
"EGY",2000,"1988, 1992, 2000, 2005, 2008, 2014, 2021","1988, 1992, 1995, 2000, 2003, 2005, 2006, 2008, 2011, 2013, 2014"
"EGY",2003,NA,"1988, 1992, 1995, 2000, 2003, 2005, 2006, 2008, 2011, 2013, 2014"
"EGY",2005,"1988, 1992, 2000, 2005, 2008, 2014, 2021","1988, 1992, 1995, 2000, 2003, 2005, 2006, 2008, 2011, 2013, 2014"
"EGY",2006,NA,"1988, 1992, 1995, 2000, 2003, 2005, 2006, 2008, 2011, 2013, 2014"
"EGY",2008,"1988, 1992, 2000, 2005, 2008, 2014, 2021","1988, 1992, 1995, 2000, 2003, 2005, 2006, 2008, 2011, 2013, 2014"
"EGY",2011,NA,"1988, 1992, 1995, 2000, 2003, 2005, 2006, 2008, 2011, 2013, 2014"
"EGY",2013,NA,"1988, 1992, 1995, 2000, 2003, 2005, 2006, 2008, 2011, 2013, 2014"
"EGY",2014,"1988, 1992, 2000, 2005, 2008, 2014, 2021","1988, 1992, 1995, 2000, 2003, 2005, 2006, 2008, 2011, 2013, 2014"
"EGY",2021,"1988, 1992, 2000, 2005, 2008, 2014, 2021",NA
"ERI",1995,"1995, 2002","1995, 2002"
"ERI",2002,"1995, 2002","1995, 2002"
"ESP",1993,"1993, 1995, 1997, 2001, 2003, 2006, 2009, 2011, 2014, 2017, 2019",NA
"ESP",1995,"1993, 1995, 1997, 2001, 2003, 2006, 2009, 2011, 2014, 2017, 2019",NA
"ESP",1997,"1993, 1995, 1997, 2001, 2003, 2006, 2009, 2011, 2014, 2017, 2019",NA
"ESP",2001,"1993, 1995, 1997, 2001, 2003, 2006, 2009, 2011, 2014, 2017, 2019",NA
"ESP",2003,"1993, 1995, 1997, 2001, 2003, 2006, 2009, 2011, 2014, 2017, 2019","2003"
"ESP",2006,"1993, 1995, 1997, 2001, 2003, 2006, 2009, 2011, 2014, 2017, 2019",NA
"ESP",2009,"1993, 1995, 1997, 2001, 2003, 2006, 2009, 2011, 2014, 2017, 2019",NA
"ESP",2011,"1993, 1995, 1997, 2001, 2003, 2006, 2009, 2011, 2014, 2017, 2019",NA
"ESP",2014,"1993, 1995, 1997, 2001, 2003, 2006, 2009, 2011, 2014, 2017, 2019",NA
"ESP",2017,"1993, 1995, 1997, 2001, 2003, 2006, 2009, 2011, 2014, 2017, 2019",NA
"ESP",2019,"1993, 1995, 1997, 2001, 2003, 2006, 2009, 2011, 2014, 2017, 2019",NA
"EST",1996,"1996, 2006, 2014, 2019, 2024",NA
"EST",2003,NA,"2003"
"EST",2006,"1996, 2006, 2014, 2019, 2024",NA
"EST",2014,"1996, 2006, 2014, 2019, 2024",NA
"EST",2019,"1996, 2006, 2014, 2019, 2024",NA
"EST",2024,"1996, 2006, 2014, 2019, 2024",NA
"ETH",1995,"1995, 2000, 2003, 2005, 2011, 2016",NA
"ETH",2000,"1995, 2000, 2003, 2005, 2011, 2016","2000, 2003, 2005, 2010, 2016, 2017, 2019"
"ETH",2003,"1995, 2000, 2003, 2005, 2011, 2016","2000, 2003, 2005, 2010, 2016, 2017, 2019"
"ETH",2005,"1995, 2000, 2003, 2005, 2011, 2016","2000, 2003, 2005, 2010, 2016, 2017, 2019"
"ETH",2010,NA,"2000, 2003, 2005, 2010, 2016, 2017, 2019"
"ETH",2011,"1995, 2000, 2003, 2005, 2011, 2016",NA
"ETH",2016,"1995, 2000, 2003, 2005, 2011, 2016","2000, 2003, 2005, 2010, 2016, 2017, 2019"
"ETH",2017,NA,"2000, 2003, 2005, 2010, 2016, 2017, 2019"
"ETH",2019,NA,"2000, 2003, 2005, 2010, 2016, 2017, 2019"
"FIN",2003,NA,"2003"
"FIN",2014,"2014, 2019",NA
"FIN",2019,"2014, 2019",NA
"FJI",-99,NA,NA
"FRA",2003,"2003, 2008, 2014, 2019, 2024","2003"
"FRA",2008,"2003, 2008, 2014, 2019, 2024",NA
"FRA",2014,"2003, 2008, 2014, 2019, 2024",NA
"FRA",2019,"2003, 2008, 2014, 2019, 2024",NA
"FRA",2024,"2003, 2008, 2014, 2019, 2024",NA
"FSM",-99,NA,NA
"GAB",1996,"1996, 2000, 2012, 2019",NA
"GAB",2000,"1996, 2000, 2012, 2019","2000, 2012, 2019"
"GAB",2012,"1996, 2000, 2012, 2019","2000, 2012, 2019"
"GAB",2019,"1996, 2000, 2012, 2019","2000, 2012, 2019"
"GBR",2003,NA,"2003"
"GBR",2013,"2013, 2024",NA
"GBR",2024,"2013, 2024",NA
"GEO",1999,"1999, 2003, 2005, 2018",NA
"GEO",2003,"1999, 2003, 2005, 2018","2003, 2005, 2010"
"GEO",2005,"1999, 2003, 2005, 2018","2003, 2005, 2010"
"GEO",2010,NA,"2003, 2005, 2010"
"GEO",2018,"1999, 2003, 2005, 2018",NA
"GHA",1988,"1988, 1994, 1995, 1999, 2006, 2008, 2011, 2014, 2017","1988, 1993, 1998, 2003, 2006, 2007, 2008, 2012, 2014, 2016, 2017, 2022"
"GHA",1993,NA,"1988, 1993, 1998, 2003, 2006, 2007, 2008, 2012, 2014, 2016, 2017, 2022"
"GHA",1994,"1988, 1994, 1995, 1999, 2006, 2008, 2011, 2014, 2017",NA
"GHA",1995,"1988, 1994, 1995, 1999, 2006, 2008, 2011, 2014, 2017",NA
"GHA",1998,NA,"1988, 1993, 1998, 2003, 2006, 2007, 2008, 2012, 2014, 2016, 2017, 2022"
"GHA",1999,"1988, 1994, 1995, 1999, 2006, 2008, 2011, 2014, 2017",NA
"GHA",2003,NA,"1988, 1993, 1998, 2003, 2006, 2007, 2008, 2012, 2014, 2016, 2017, 2022"
"GHA",2006,"1988, 1994, 1995, 1999, 2006, 2008, 2011, 2014, 2017","1988, 1993, 1998, 2003, 2006, 2007, 2008, 2012, 2014, 2016, 2017, 2022"
"GHA",2007,NA,"1988, 1993, 1998, 2003, 2006, 2007, 2008, 2012, 2014, 2016, 2017, 2022"
"GHA",2008,"1988, 1994, 1995, 1999, 2006, 2008, 2011, 2014, 2017","1988, 1993, 1998, 2003, 2006, 2007, 2008, 2012, 2014, 2016, 2017, 2022"
"GHA",2011,"1988, 1994, 1995, 1999, 2006, 2008, 2011, 2014, 2017",NA
"GHA",2012,NA,"1988, 1993, 1998, 2003, 2006, 2007, 2008, 2012, 2014, 2016, 2017, 2022"
"GHA",2014,"1988, 1994, 1995, 1999, 2006, 2008, 2011, 2014, 2017","1988, 1993, 1998, 2003, 2006, 2007, 2008, 2012, 2014, 2016, 2017, 2022"
"GHA",2016,NA,"1988, 1993, 1998, 2003, 2006, 2007, 2008, 2012, 2014, 2016, 2017, 2022"
"GHA",2017,"1988, 1994, 1995, 1999, 2006, 2008, 2011, 2014, 2017","1988, 1993, 1998, 2003, 2006, 2007, 2008, 2012, 2014, 2016, 2017, 2022"
"GHA",2022,NA,"1988, 1993, 1998, 2003, 2006, 2007, 2008, 2012, 2014, 2016, 2017, 2022"
"GIN",1992,NA,"1992, 1999, 2005, 2012, 2016, 2018"
"GIN",1996,"1996, 1999, 2005, 2012, 2016, 2018",NA
"GIN",1999,"1996, 1999, 2005, 2012, 2016, 2018","1992, 1999, 2005, 2012, 2016, 2018"
"GIN",2005,"1996, 1999, 2005, 2012, 2016, 2018","1992, 1999, 2005, 2012, 2016, 2018"
"GIN",2012,"1996, 1999, 2005, 2012, 2016, 2018","1992, 1999, 2005, 2012, 2016, 2018"
"GIN",2016,"1996, 1999, 2005, 2012, 2016, 2018","1992, 1999, 2005, 2012, 2016, 2018"
"GIN",2018,"1996, 1999, 2005, 2012, 2016, 2018","1992, 1999, 2005, 2012, 2016, 2018"
"GMB",1996,"1996, 2000, 2005, 2010, 2013, 2018, 2019",NA
"GMB",2000,"1996, 2000, 2005, 2010, 2013, 2018, 2019","2000, 2001, 2005, 2006, 2010, 2019"
"GMB",2001,NA,"2000, 2001, 2005, 2006, 2010, 2019"
"GMB",2005,"1996, 2000, 2005, 2010, 2013, 2018, 2019","2000, 2001, 2005, 2006, 2010, 2019"
"GMB",2006,NA,"2000, 2001, 2005, 2006, 2010, 2019"
"GMB",2010,"1996, 2000, 2005, 2010, 2013, 2018, 2019","2000, 2001, 2005, 2006, 2010, 2019"
"GMB",2013,"1996, 2000, 2005, 2010, 2013, 2018, 2019",NA
"GMB",2018,"1996, 2000, 2005, 2010, 2013, 2018, 2019",NA
"GMB",2019,"1996, 2000, 2005, 2010, 2013, 2018, 2019","2000, 2001, 2005, 2006, 2010, 2019"
"GNB",1996,"1996, 2002, 2006, 2010, 2014, 2018",NA
"GNB",2002,"1996, 2002, 2006, 2010, 2014, 2018",NA
"GNB",2006,"1996, 2002, 2006, 2010, 2014, 2018",NA
"GNB",2010,"1996, 2002, 2006, 2010, 2014, 2018","2010, 2014"
"GNB",2014,"1996, 2002, 2006, 2010, 2014, 2018","2010, 2014"
"GNB",2018,"1996, 2002, 2006, 2010, 2014, 2018",NA
"GNQ",2000,"2000, 2011",NA
"GNQ",2011,"2000, 2011",NA
"GRC",2003,NA,"2003"
"GRC",2009,"2009, 2014, 2019",NA
"GRC",2014,"2009, 2014, 2019",NA
"GRC",2019,"2009, 2014, 2019",NA
"GRD",2008,NA,"2008"
"GRD",-99,NA,NA
"GTM",1987,"1987, 1995, 2003, 2014","1987, 1995, 1998, 2003, 2009, 2014"
"GTM",1995,"1987, 1995, 2003, 2014","1987, 1995, 1998, 2003, 2009, 2014"
"GTM",1998,NA,"1987, 1995, 1998, 2003, 2009, 2014"
"GTM",2003,"1987, 1995, 2003, 2014","1987, 1995, 1998, 2003, 2009, 2014"
"GTM",2009,NA,"1987, 1995, 1998, 2003, 2009, 2014"
"GTM",2014,"1987, 1995, 2003, 2014","1987, 1995, 1998, 2003, 2009, 2014"
"GUY",2000,"2000, 2006, 2009, 2014, 2019","2000, 2004, 2005, 2009, 2010, 2014"
"GUY",2004,NA,"2000, 2004, 2005, 2009, 2010, 2014"
"GUY",2005,NA,"2000, 2004, 2005, 2009, 2010, 2014"
"GUY",2006,"2000, 2006, 2009, 2014, 2019",NA
"GUY",2009,"2000, 2006, 2009, 2014, 2019","2000, 2004, 2005, 2009, 2010, 2014"
"GUY",2010,NA,"2000, 2004, 2005, 2009, 2010, 2014"
"GUY",2014,"2000, 2006, 2009, 2014, 2019","2000, 2004, 2005, 2009, 2010, 2014"
"GUY",2019,"2000, 2006, 2009, 2014, 2019",NA
"HND",1996,NA,"1996, 2005, 2011, 2012"
"HND",2005,"2005, 2011, 2019","1996, 2005, 2011, 2012"
"HND",2011,"2005, 2011, 2019","1996, 2005, 2011, 2012"
"HND",2012,NA,"1996, 2005, 2011, 2012"
"HND",2019,"2005, 2011, 2019",NA
"HRV",1996,"1996, 2014, 2019",NA
"HRV",2003,NA,"2003"
"HRV",2014,"1996, 2014, 2019",NA
"HRV",2019,"1996, 2014, 2019",NA
"HTI",1989,NA,"1989, 1994, 2000, 2005, 2012, 2016, 2017"
"HTI",1994,NA,"1989, 1994, 2000, 2005, 2012, 2016, 2017"
"HTI",1995,"1995, 2000, 2005, 2012, 2016",NA
"HTI",2000,"1995, 2000, 2005, 2012, 2016","1989, 1994, 2000, 2005, 2012, 2016, 2017"
"HTI",2005,"1995, 2000, 2005, 2012, 2016","1989, 1994, 2000, 2005, 2012, 2016, 2017"
"HTI",2012,"1995, 2000, 2005, 2012, 2016","1989, 1994, 2000, 2005, 2012, 2016, 2017"
"HTI",2016,"1995, 2000, 2005, 2012, 2016","1989, 1994, 2000, 2005, 2012, 2016, 2017"
"HTI",2017,NA,"1989, 1994, 2000, 2005, 2012, 2016, 2017"
"HUN",2003,NA,"2003"
"HUN",2009,"2009, 2014, 2019",NA
"HUN",2014,"2009, 2014, 2019",NA
"HUN",2019,"2009, 2014, 2019",NA
"IDN",1987,"1987, 1991, 1994, 1996, 1997, 2000, 2002, 2007, 2012, 2017","1987, 1991, 1994, 1997, 2002, 2003, 2007, 2012, 2017"
"IDN",1991,"1987, 1991, 1994, 1996, 1997, 2000, 2002, 2007, 2012, 2017","1987, 1991, 1994, 1997, 2002, 2003, 2007, 2012, 2017"
"IDN",1994,"1987, 1991, 1994, 1996, 1997, 2000, 2002, 2007, 2012, 2017","1987, 1991, 1994, 1997, 2002, 2003, 2007, 2012, 2017"
"IDN",1996,"1987, 1991, 1994, 1996, 1997, 2000, 2002, 2007, 2012, 2017",NA
"IDN",1997,"1987, 1991, 1994, 1996, 1997, 2000, 2002, 2007, 2012, 2017","1987, 1991, 1994, 1997, 2002, 2003, 2007, 2012, 2017"
"IDN",2000,"1987, 1991, 1994, 1996, 1997, 2000, 2002, 2007, 2012, 2017",NA
"IDN",2002,"1987, 1991, 1994, 1996, 1997, 2000, 2002, 2007, 2012, 2017","1987, 1991, 1994, 1997, 2002, 2003, 2007, 2012, 2017"
"IDN",2003,NA,"1987, 1991, 1994, 1997, 2002, 2003, 2007, 2012, 2017"
"IDN",2007,"1987, 1991, 1994, 1996, 1997, 2000, 2002, 2007, 2012, 2017","1987, 1991, 1994, 1997, 2002, 2003, 2007, 2012, 2017"
"IDN",2012,"1987, 1991, 1994, 1996, 1997, 2000, 2002, 2007, 2012, 2017","1987, 1991, 1994, 1997, 2002, 2003, 2007, 2012, 2017"
"IDN",2017,"1987, 1991, 1994, 1996, 1997, 2000, 2002, 2007, 2012, 2017","1987, 1991, 1994, 1997, 2002, 2003, 2007, 2012, 2017"
"IND",1992,NA,"1992, 1998, 2003, 2005, 2006, 2007, 2019"
"IND",1993,"1993, 1996, 1999, 2000, 2003, 2005, 2015, 2019",NA
"IND",1996,"1993, 1996, 1999, 2000, 2003, 2005, 2015, 2019",NA
"IND",1998,NA,"1992, 1998, 2003, 2005, 2006, 2007, 2019"
"IND",1999,"1993, 1996, 1999, 2000, 2003, 2005, 2015, 2019",NA
"IND",2000,"1993, 1996, 1999, 2000, 2003, 2005, 2015, 2019",NA
"IND",2003,"1993, 1996, 1999, 2000, 2003, 2005, 2015, 2019","1992, 1998, 2003, 2005, 2006, 2007, 2019"
"IND",2005,"1993, 1996, 1999, 2000, 2003, 2005, 2015, 2019","1992, 1998, 2003, 2005, 2006, 2007, 2019"
"IND",2006,NA,"1992, 1998, 2003, 2005, 2006, 2007, 2019"
"IND",2007,NA,"1992, 1998, 2003, 2005, 2006, 2007, 2019"
"IND",2015,"1993, 1996, 1999, 2000, 2003, 2005, 2015, 2019",NA
"IND",2019,"1993, 1996, 1999, 2000, 2003, 2005, 2015, 2019","1992, 1998, 2003, 2005, 2006, 2007, 2019"
"IRL",2003,NA,"2003"
"IRL",2015,"2015, 2019",NA
"IRL",2019,"2015, 2019",NA
"IRN",1995,"1995, 1997, 2000",NA
"IRN",1997,"1995, 1997, 2000",NA
"IRN",2000,"1995, 1997, 2000",NA
"IRQ",1996,"1996, 2000, 2006, 2011, 2018",NA
"IRQ",2000,"1996, 2000, 2006, 2011, 2018","2000, 2006, 2011, 2012, 2018"
"IRQ",2006,"1996, 2000, 2006, 2011, 2018","2000, 2006, 2011, 2012, 2018"
"IRQ",2011,"1996, 2000, 2006, 2011, 2018","2000, 2006, 2011, 2012, 2018"
"IRQ",2012,NA,"2000, 2006, 2011, 2012, 2018"
"IRQ",2018,"1996, 2000, 2006, 2011, 2018","2000, 2006, 2011, 2012, 2018"
"ISL",2015,"2015, 2019",NA
"ISL",2019,"2015, 2019",NA
"ISR",1995,"1995, 2009, 2015, 2017, 2019, 2020",NA
"ISR",2003,NA,"2003"
"ISR",2009,"1995, 2009, 2015, 2017, 2019, 2020",NA
"ISR",2015,"1995, 2009, 2015, 2017, 2019, 2020",NA
"ISR",2017,"1995, 2009, 2015, 2017, 2019, 2020",NA
"ISR",2019,"1995, 2009, 2015, 2017, 2019, 2020",NA
"ISR",2020,"1995, 2009, 2015, 2017, 2019, 2020",NA
"ITA",1994,"1994, 2000, 2012, 2015, 2019, 2024",NA
"ITA",2000,"1994, 2000, 2012, 2015, 2019, 2024",NA
"ITA",2003,NA,"2003"
"ITA",2012,"1994, 2000, 2012, 2015, 2019, 2024",NA
"ITA",2015,"1994, 2000, 2012, 2015, 2019, 2024",NA
"ITA",2019,"1994, 2000, 2012, 2015, 2019, 2024",NA
"ITA",2024,"1994, 2000, 2012, 2015, 2019, 2024",NA
"JAM",1997,NA,"1997, 2001, 2002, 2005, 2008, 2010, 2011"
"JAM",2001,NA,"1997, 2001, 2002, 2005, 2008, 2010, 2011"
"JAM",2002,NA,"1997, 2001, 2002, 2005, 2008, 2010, 2011"
"JAM",2005,"2005, 2011","1997, 2001, 2002, 2005, 2008, 2010, 2011"
"JAM",2008,NA,"1997, 2001, 2002, 2005, 2008, 2010, 2011"
"JAM",2010,NA,"1997, 2001, 2002, 2005, 2008, 2010, 2011"
"JAM",2011,"2005, 2011","1997, 2001, 2002, 2005, 2008, 2010, 2011"
"JOR",1990,"1990, 1997, 2002, 2007, 2012, 2017","1990, 1997, 2002, 2004, 2007, 2009, 2012, 2017, 2023"
"JOR",1997,"1990, 1997, 2002, 2007, 2012, 2017","1990, 1997, 2002, 2004, 2007, 2009, 2012, 2017, 2023"
"JOR",2002,"1990, 1997, 2002, 2007, 2012, 2017","1990, 1997, 2002, 2004, 2007, 2009, 2012, 2017, 2023"
"JOR",2004,NA,"1990, 1997, 2002, 2004, 2007, 2009, 2012, 2017, 2023"
"JOR",2007,"1990, 1997, 2002, 2007, 2012, 2017","1990, 1997, 2002, 2004, 2007, 2009, 2012, 2017, 2023"
"JOR",2009,NA,"1990, 1997, 2002, 2004, 2007, 2009, 2012, 2017, 2023"
"JOR",2012,"1990, 1997, 2002, 2007, 2012, 2017","1990, 1997, 2002, 2004, 2007, 2009, 2012, 2017, 2023"
"JOR",2017,"1990, 1997, 2002, 2007, 2012, 2017","1990, 1997, 2002, 2004, 2007, 2009, 2012, 2017, 2023"
"JOR",2023,NA,"1990, 1997, 2002, 2004, 2007, 2009, 2012, 2017, 2023"
"JPN",2001,"2001, 2004, 2007, 2010, 2013, 2016",NA
"JPN",2004,"2001, 2004, 2007, 2010, 2013, 2016",NA
"JPN",2007,"2001, 2004, 2007, 2010, 2013, 2016",NA
"JPN",2010,"2001, 2004, 2007, 2010, 2013, 2016",NA
"JPN",2013,"2001, 2004, 2007, 2010, 2013, 2016",NA
"JPN",2016,"2001, 2004, 2007, 2010, 2013, 2016",NA
"KAZ",1995,"1995, 1999, 2003, 2006, 2010, 2015","1995, 1999, 2003, 2006, 2010, 2015"
"KAZ",1999,"1995, 1999, 2003, 2006, 2010, 2015","1995, 1999, 2003, 2006, 2010, 2015"
"KAZ",2003,"1995, 1999, 2003, 2006, 2010, 2015","1995, 1999, 2003, 2006, 2010, 2015"
"KAZ",2006,"1995, 1999, 2003, 2006, 2010, 2015","1995, 1999, 2003, 2006, 2010, 2015"
"KAZ",2010,"1995, 1999, 2003, 2006, 2010, 2015","1995, 1999, 2003, 2006, 2010, 2015"
"KAZ",2015,"1995, 1999, 2003, 2006, 2010, 2015","1995, 1999, 2003, 2006, 2010, 2015"
"KEN",1988,NA,"1988, 1993, 1998, 2003, 2007, 2008, 2010, 2011, 2012, 2013, 2014, 2015, 2020, 2022"
"KEN",1989,"1989, 1993, 1998, 2000, 2008, 2014",NA
"KEN",1993,"1989, 1993, 1998, 2000, 2008, 2014","1988, 1993, 1998, 2003, 2007, 2008, 2010, 2011, 2012, 2013, 2014, 2015, 2020, 2022"
"KEN",1998,"1989, 1993, 1998, 2000, 2008, 2014","1988, 1993, 1998, 2003, 2007, 2008, 2010, 2011, 2012, 2013, 2014, 2015, 2020, 2022"
"KEN",2000,"1989, 1993, 1998, 2000, 2008, 2014",NA
"KEN",2003,NA,"1988, 1993, 1998, 2003, 2007, 2008, 2010, 2011, 2012, 2013, 2014, 2015, 2020, 2022"
"KEN",2007,NA,"1988, 1993, 1998, 2003, 2007, 2008, 2010, 2011, 2012, 2013, 2014, 2015, 2020, 2022"
"KEN",2008,"1989, 1993, 1998, 2000, 2008, 2014","1988, 1993, 1998, 2003, 2007, 2008, 2010, 2011, 2012, 2013, 2014, 2015, 2020, 2022"
"KEN",2010,NA,"1988, 1993, 1998, 2003, 2007, 2008, 2010, 2011, 2012, 2013, 2014, 2015, 2020, 2022"
"KEN",2011,NA,"1988, 1993, 1998, 2003, 2007, 2008, 2010, 2011, 2012, 2013, 2014, 2015, 2020, 2022"
"KEN",2012,NA,"1988, 1993, 1998, 2003, 2007, 2008, 2010, 2011, 2012, 2013, 2014, 2015, 2020, 2022"
"KEN",2013,NA,"1988, 1993, 1998, 2003, 2007, 2008, 2010, 2011, 2012, 2013, 2014, 2015, 2020, 2022"
"KEN",2014,"1989, 1993, 1998, 2000, 2008, 2014","1988, 1993, 1998, 2003, 2007, 2008, 2010, 2011, 2012, 2013, 2014, 2015, 2020, 2022"
"KEN",2015,NA,"1988, 1993, 1998, 2003, 2007, 2008, 2010, 2011, 2012, 2013, 2014, 2015, 2020, 2022"
"KEN",2020,NA,"1988, 1993, 1998, 2003, 2007, 2008, 2010, 2011, 2012, 2013, 2014, 2015, 2020, 2022"
"KEN",2022,NA,"1988, 1993, 1998, 2003, 2007, 2008, 2010, 2011, 2012, 2013, 2014, 2015, 2020, 2022"
"KGZ",1995,"1995, 1997, 2005, 2012, 2014, 2018",NA
"KGZ",1997,"1995, 1997, 2005, 2012, 2014, 2018","1997, 2005, 2012, 2013, 2018"
"KGZ",2005,"1995, 1997, 2005, 2012, 2014, 2018","1997, 2005, 2012, 2013, 2018"
"KGZ",2012,"1995, 1997, 2005, 2012, 2014, 2018","1997, 2005, 2012, 2013, 2018"
"KGZ",2013,NA,"1997, 2005, 2012, 2013, 2018"
"KGZ",2014,"1995, 1997, 2005, 2012, 2014, 2018",NA
"KGZ",2018,"1995, 1997, 2005, 2012, 2014, 2018","1997, 2005, 2012, 2013, 2018"
"KHM",1998,"1998, 2000, 2005, 2010, 2014","1998, 2000, 2005, 2010, 2012, 2014, 2015, 2021"
"KHM",2000,"1998, 2000, 2005, 2010, 2014","1998, 2000, 2005, 2010, 2012, 2014, 2015, 2021"
"KHM",2005,"1998, 2000, 2005, 2010, 2014","1998, 2000, 2005, 2010, 2012, 2014, 2015, 2021"
"KHM",2010,"1998, 2000, 2005, 2010, 2014","1998, 2000, 2005, 2010, 2012, 2014, 2015, 2021"
"KHM",2012,NA,"1998, 2000, 2005, 2010, 2012, 2014, 2015, 2021"
"KHM",2014,"1998, 2000, 2005, 2010, 2014","1998, 2000, 2005, 2010, 2012, 2014, 2015, 2021"
"KHM",2015,NA,"1998, 2000, 2005, 2010, 2012, 2014, 2015, 2021"
"KHM",2021,NA,"1998, 2000, 2005, 2010, 2012, 2014, 2015, 2021"
"KIR",2009,"2009, 2014, 2018","2009, 2010"
"KIR",2010,NA,"2009, 2010"
"KIR",2014,"2009, 2014, 2018",NA
"KIR",2018,"2009, 2014, 2018",NA
"KNA",2010,NA,"2010"
"KNA",-99,NA,NA
"KOR",1998,"1998, 2001, 2005, 2007, 2008, 2009, 2010, 2011, 2012, 2013, 2014, 2015, 2016, 2017, 2018, 2020, 2021, 2022, 2023",NA
"KOR",2001,"1998, 2001, 2005, 2007, 2008, 2009, 2010, 2011, 2012, 2013, 2014, 2015, 2016, 2017, 2018, 2020, 2021, 2022, 2023",NA
"KOR",2005,"1998, 2001, 2005, 2007, 2008, 2009, 2010, 2011, 2012, 2013, 2014, 2015, 2016, 2017, 2018, 2020, 2021, 2022, 2023",NA
"KOR",2007,"1998, 2001, 2005, 2007, 2008, 2009, 2010, 2011, 2012, 2013, 2014, 2015, 2016, 2017, 2018, 2020, 2021, 2022, 2023",NA
"KOR",2008,"1998, 2001, 2005, 2007, 2008, 2009, 2010, 2011, 2012, 2013, 2014, 2015, 2016, 2017, 2018, 2020, 2021, 2022, 2023",NA
"KOR",2009,"1998, 2001, 2005, 2007, 2008, 2009, 2010, 2011, 2012, 2013, 2014, 2015, 2016, 2017, 2018, 2020, 2021, 2022, 2023",NA
"KOR",2010,"1998, 2001, 2005, 2007, 2008, 2009, 2010, 2011, 2012, 2013, 2014, 2015, 2016, 2017, 2018, 2020, 2021, 2022, 2023",NA
"KOR",2011,"1998, 2001, 2005, 2007, 2008, 2009, 2010, 2011, 2012, 2013, 2014, 2015, 2016, 2017, 2018, 2020, 2021, 2022, 2023",NA
"KOR",2012,"1998, 2001, 2005, 2007, 2008, 2009, 2010, 2011, 2012, 2013, 2014, 2015, 2016, 2017, 2018, 2020, 2021, 2022, 2023",NA
"KOR",2013,"1998, 2001, 2005, 2007, 2008, 2009, 2010, 2011, 2012, 2013, 2014, 2015, 2016, 2017, 2018, 2020, 2021, 2022, 2023",NA
"KOR",2014,"1998, 2001, 2005, 2007, 2008, 2009, 2010, 2011, 2012, 2013, 2014, 2015, 2016, 2017, 2018, 2020, 2021, 2022, 2023",NA
"KOR",2015,"1998, 2001, 2005, 2007, 2008, 2009, 2010, 2011, 2012, 2013, 2014, 2015, 2016, 2017, 2018, 2020, 2021, 2022, 2023",NA
"KOR",2016,"1998, 2001, 2005, 2007, 2008, 2009, 2010, 2011, 2012, 2013, 2014, 2015, 2016, 2017, 2018, 2020, 2021, 2022, 2023",NA
"KOR",2017,"1998, 2001, 2005, 2007, 2008, 2009, 2010, 2011, 2012, 2013, 2014, 2015, 2016, 2017, 2018, 2020, 2021, 2022, 2023",NA
"KOR",2018,"1998, 2001, 2005, 2007, 2008, 2009, 2010, 2011, 2012, 2013, 2014, 2015, 2016, 2017, 2018, 2020, 2021, 2022, 2023",NA
"KOR",2020,"1998, 2001, 2005, 2007, 2008, 2009, 2010, 2011, 2012, 2013, 2014, 2015, 2016, 2017, 2018, 2020, 2021, 2022, 2023",NA
"KOR",2021,"1998, 2001, 2005, 2007, 2008, 2009, 2010, 2011, 2012, 2013, 2014, 2015, 2016, 2017, 2018, 2020, 2021, 2022, 2023",NA
"KOR",2022,"1998, 2001, 2005, 2007, 2008, 2009, 2010, 2011, 2012, 2013, 2014, 2015, 2016, 2017, 2018, 2020, 2021, 2022, 2023",NA
"KOR",2023,"1998, 2001, 2005, 2007, 2008, 2009, 2010, 2011, 2012, 2013, 2014, 2015, 2016, 2017, 2018, 2020, 2021, 2022, 2023",NA
"KWT",2010,NA,"2010"
"KWT",-99,NA,NA
"LAO",1996,"1996, 2000, 2003, 2006, 2011, 2017","1996, 2000, 2003, 2005, 2006, 2011, 2017"
"LAO",2000,"1996, 2000, 2003, 2006, 2011, 2017","1996, 2000, 2003, 2005, 2006, 2011, 2017"
"LAO",2003,"1996, 2000, 2003, 2006, 2011, 2017","1996, 2000, 2003, 2005, 2006, 2011, 2017"
"LAO",2005,NA,"1996, 2000, 2003, 2005, 2006, 2011, 2017"
"LAO",2006,"1996, 2000, 2003, 2006, 2011, 2017","1996, 2000, 2003, 2005, 2006, 2011, 2017"
"LAO",2011,"1996, 2000, 2003, 2006, 2011, 2017","1996, 2000, 2003, 2005, 2006, 2011, 2017"
"LAO",2017,"1996, 2000, 2003, 2006, 2011, 2017","1996, 2000, 2003, 2005, 2006, 2011, 2017"
"LBN",2000,"2000, 2006","2000, 2005, 2011, 2017"
"LBN",2005,NA,"2000, 2005, 2011, 2017"
"LBN",2006,"2000, 2006",NA
"LBN",2011,NA,"2000, 2005, 2011, 2017"
"LBN",2017,NA,"2000, 2005, 2011, 2017"
"LBR",1986,"1986, 1995, 2007, 2013, 2019","1986, 2005, 2006, 2008, 2011, 2013, 2019"
"LBR",1995,"1986, 1995, 2007, 2013, 2019",NA
"LBR",2005,NA,"1986, 2005, 2006, 2008, 2011, 2013, 2019"
"LBR",2006,NA,"1986, 2005, 2006, 2008, 2011, 2013, 2019"
"LBR",2007,"1986, 1995, 2007, 2013, 2019",NA
"LBR",2008,NA,"1986, 2005, 2006, 2008, 2011, 2013, 2019"
"LBR",2011,NA,"1986, 2005, 2006, 2008, 2011, 2013, 2019"
"LBR",2013,"1986, 1995, 2007, 2013, 2019","1986, 2005, 2006, 2008, 2011, 2013, 2019"
"LBR",2019,"1986, 1995, 2007, 2013, 2019","1986, 2005, 2006, 2008, 2011, 2013, 2019"
"LBY",2003,"2003",NA
"LBY",2007,NA,"2007, 2009"
"LBY",2009,NA,"2007, 2009"
"LCA",2006,NA,"2006, 2012"
"LCA",2012,"2012","2006, 2012"
"LKA",1987,"1987, 2006","1987, 2003, 2006, 2008"
"LKA",2003,NA,"1987, 2003, 2006, 2008"
"LKA",2006,"1987, 2006","1987, 2003, 2006, 2008"
"LKA",2008,NA,"1987, 2003, 2006, 2008"
"LSO",1996,"1996, 2000, 2004, 2009, 2014, 2018",NA
"LSO",2000,"1996, 2000, 2004, 2009, 2014, 2018","2000, 2004, 2009, 2014"
"LSO",2004,"1996, 2000, 2004, 2009, 2014, 2018","2000, 2004, 2009, 2014"
"LSO",2009,"1996, 2000, 2004, 2009, 2014, 2018","2000, 2004, 2009, 2014"
"LSO",2014,"1996, 2000, 2004, 2009, 2014, 2018","2000, 2004, 2009, 2014"
"LSO",2018,"1996, 2000, 2004, 2009, 2014, 2018",NA
"LTU",2014,"2014, 2019",NA
"LTU",2019,"2014, 2019",NA
"LUX",2003,NA,"2003"
"LUX",2014,"2014, 2019, 2024",NA
"LUX",2019,"2014, 2019, 2024",NA
"LUX",2024,"2014, 2019, 2024",NA
"LVA",2003,NA,"2003"
"LVA",2008,"2008, 2014, 2019",NA
"LVA",2014,"2008, 2014, 2019",NA
"LVA",2019,"2008, 2014, 2019",NA
"MAR",1987,"1987, 1992, 1995, 2003, 2006","1987, 1992, 2003, 2006, 2010"
"MAR",1992,"1987, 1992, 1995, 2003, 2006","1987, 1992, 2003, 2006, 2010"
"MAR",1995,"1987, 1992, 1995, 2003, 2006",NA
"MAR",2003,"1987, 1992, 1995, 2003, 2006","1987, 1992, 2003, 2006, 2010"
"MAR",2006,"1987, 1992, 1995, 2003, 2006","1987, 1992, 2003, 2006, 2010"
"MAR",2010,NA,"1987, 1992, 2003, 2006, 2010"
"MDA",2000,"2000, 2005, 2012","2000, 2005, 2012"
"MDA",2005,"2000, 2005, 2012","2000, 2005, 2012"
"MDA",2012,"2000, 2005, 2012","2000, 2005, 2012"
"MDG",1992,"1992, 1995, 1997, 2000, 2003, 2008, 2018","1992, 1997, 2003, 2008, 2012, 2016, 2021"
"MDG",1995,"1992, 1995, 1997, 2000, 2003, 2008, 2018",NA
"MDG",1997,"1992, 1995, 1997, 2000, 2003, 2008, 2018","1992, 1997, 2003, 2008, 2012, 2016, 2021"
"MDG",2000,"1992, 1995, 1997, 2000, 2003, 2008, 2018",NA
"MDG",2003,"1992, 1995, 1997, 2000, 2003, 2008, 2018","1992, 1997, 2003, 2008, 2012, 2016, 2021"
"MDG",2008,"1992, 1995, 1997, 2000, 2003, 2008, 2018","1992, 1997, 2003, 2008, 2012, 2016, 2021"
"MDG",2012,NA,"1992, 1997, 2003, 2008, 2012, 2016, 2021"
"MDG",2016,NA,"1992, 1997, 2003, 2008, 2012, 2016, 2021"
"MDG",2018,"1992, 1995, 1997, 2000, 2003, 2008, 2018",NA
"MDG",2021,NA,"1992, 1997, 2003, 2008, 2012, 2016, 2021"
"MDV",1995,"1995, 2001, 2009, 2016",NA
"MDV",2001,"1995, 2001, 2009, 2016","2001, 2009, 2016"
"MDV",2009,"1995, 2001, 2009, 2016","2001, 2009, 2016"
"MDV",2016,"1995, 2001, 2009, 2016","2001, 2009, 2016"
"MEX",1987,"1987, 2015","1987, 2003, 2009, 2014, 2015"
"MEX",2003,NA,"1987, 2003, 2009, 2014, 2015"
"MEX",2009,NA,"1987, 2003, 2009, 2014, 2015"
"MEX",2014,NA,"1987, 2003, 2009, 2014, 2015"
"MEX",2015,"1987, 2015","1987, 2003, 2009, 2014, 2015"
"MHL",2007,"2007","2007"
"MKD",1999,"1999, 2005, 2011, 2018",NA
"MKD",2005,"1999, 2005, 2011, 2018","2005, 2007, 2011"
"MKD",2007,NA,"2005, 2007, 2011"
"MKD",2011,"1999, 2005, 2011, 2018","2005, 2007, 2011"
"MKD",2018,"1999, 2005, 2011, 2018",NA
"MLI",1987,"1987, 1995, 1996, 2001, 2006, 2009, 2012, 2015, 2018","1987, 1995, 2001, 2003, 2006, 2010, 2012, 2015, 2018"
"MLI",1995,"1987, 1995, 1996, 2001, 2006, 2009, 2012, 2015, 2018","1987, 1995, 2001, 2003, 2006, 2010, 2012, 2015, 2018"
"MLI",1996,"1987, 1995, 1996, 2001, 2006, 2009, 2012, 2015, 2018",NA
"MLI",2001,"1987, 1995, 1996, 2001, 2006, 2009, 2012, 2015, 2018","1987, 1995, 2001, 2003, 2006, 2010, 2012, 2015, 2018"
"MLI",2003,NA,"1987, 1995, 2001, 2003, 2006, 2010, 2012, 2015, 2018"
"MLI",2006,"1987, 1995, 1996, 2001, 2006, 2009, 2012, 2015, 2018","1987, 1995, 2001, 2003, 2006, 2010, 2012, 2015, 2018"
"MLI",2009,"1987, 1995, 1996, 2001, 2006, 2009, 2012, 2015, 2018",NA
"MLI",2010,NA,"1987, 1995, 2001, 2003, 2006, 2010, 2012, 2015, 2018"
"MLI",2012,"1987, 1995, 1996, 2001, 2006, 2009, 2012, 2015, 2018","1987, 1995, 2001, 2003, 2006, 2010, 2012, 2015, 2018"
"MLI",2015,"1987, 1995, 1996, 2001, 2006, 2009, 2012, 2015, 2018","1987, 1995, 2001, 2003, 2006, 2010, 2012, 2015, 2018"
"MLI",2018,"1987, 1995, 1996, 2001, 2006, 2009, 2012, 2015, 2018","1987, 1995, 2001, 2003, 2006, 2010, 2012, 2015, 2018"
"MLT",2008,"2008, 2014, 2019",NA
"MLT",2014,"2008, 2014, 2019",NA
"MLT",2019,"2008, 2014, 2019",NA
"MMR",1995,"1995, 2000, 2009, 2015",NA
"MMR",2000,"1995, 2000, 2009, 2015",NA
"MMR",2003,NA,"2003, 2007, 2009, 2015"
"MMR",2007,NA,"2003, 2007, 2009, 2015"
"MMR",2009,"1995, 2000, 2009, 2015","2003, 2007, 2009, 2015"
"MMR",2015,"1995, 2000, 2009, 2015","2003, 2007, 2009, 2015"
"MNE",2005,"2005, 2013, 2018","2005, 2013"
"MNE",2013,"2005, 2013, 2018","2005, 2013"
"MNE",2018,"2005, 2013, 2018",NA
"MNG",1996,"1996, 2000, 2005, 2010, 2013, 2018",NA
"MNG",1998,NA,"1998, 2000, 2003, 2005, 2010, 2013"
"MNG",2000,"1996, 2000, 2005, 2010, 2013, 2018","1998, 2000, 2003, 2005, 2010, 2013"
"MNG",2003,NA,"1998, 2000, 2003, 2005, 2010, 2013"
"MNG",2005,"1996, 2000, 2005, 2010, 2013, 2018","1998, 2000, 2003, 2005, 2010, 2013"
"MNG",2010,"1996, 2000, 2005, 2010, 2013, 2018","1998, 2000, 2003, 2005, 2010, 2013"
"MNG",2013,"1996, 2000, 2005, 2010, 2013, 2018","1998, 2000, 2003, 2005, 2010, 2013"
"MNG",2018,"1996, 2000, 2005, 2010, 2013, 2018",NA
"MOZ",1995,"1995, 1997, 2004, 2008, 2011",NA
"MOZ",1997,"1995, 1997, 2004, 2008, 2011","1997, 2001, 2003, 2011, 2015, 2018, 2022"
"MOZ",2001,NA,"1997, 2001, 2003, 2011, 2015, 2018, 2022"
"MOZ",2003,NA,"1997, 2001, 2003, 2011, 2015, 2018, 2022"
"MOZ",2004,"1995, 1997, 2004, 2008, 2011",NA
"MOZ",2008,"1995, 1997, 2004, 2008, 2011",NA
"MOZ",2011,"1995, 1997, 2004, 2008, 2011","1997, 2001, 2003, 2011, 2015, 2018, 2022"
"MOZ",2015,NA,"1997, 2001, 2003, 2011, 2015, 2018, 2022"
"MOZ",2018,NA,"1997, 2001, 2003, 2011, 2015, 2018, 2022"
"MOZ",2022,NA,"1997, 2001, 2003, 2011, 2015, 2018, 2022"
"MRT",1995,"1995, 2000, 2004, 2007, 2011, 2015, 2019",NA
"MRT",2000,"1995, 2000, 2004, 2007, 2011, 2015, 2019","2000, 2003, 2010, 2011, 2015, 2019"
"MRT",2003,NA,"2000, 2003, 2010, 2011, 2015, 2019"
"MRT",2004,"1995, 2000, 2004, 2007, 2011, 2015, 2019",NA
"MRT",2007,"1995, 2000, 2004, 2007, 2011, 2015, 2019",NA
"MRT",2010,NA,"2000, 2003, 2010, 2011, 2015, 2019"
"MRT",2011,"1995, 2000, 2004, 2007, 2011, 2015, 2019","2000, 2003, 2010, 2011, 2015, 2019"
"MRT",2015,"1995, 2000, 2004, 2007, 2011, 2015, 2019","2000, 2003, 2010, 2011, 2015, 2019"
"MRT",2019,"1995, 2000, 2004, 2007, 2011, 2015, 2019","2000, 2003, 2010, 2011, 2015, 2019"
"MUS",2003,NA,"2003, 2007, 2011"
"MUS",2007,NA,"2003, 2007, 2011"
"MUS",2011,NA,"2003, 2007, 2011"
"MUS",-99,NA,NA
"MWI",1992,"1992, 1995, 2000, 2004, 2006, 2010, 2013, 2015, 2019","1992, 1996, 2000, 2003, 2004, 2007, 2008, 2009, 2010, 2012, 2013, 2014, 2015, 2017, 2019"
"MWI",1995,"1992, 1995, 2000, 2004, 2006, 2010, 2013, 2015, 2019",NA
"MWI",1996,NA,"1992, 1996, 2000, 2003, 2004, 2007, 2008, 2009, 2010, 2012, 2013, 2014, 2015, 2017, 2019"
"MWI",2000,"1992, 1995, 2000, 2004, 2006, 2010, 2013, 2015, 2019","1992, 1996, 2000, 2003, 2004, 2007, 2008, 2009, 2010, 2012, 2013, 2014, 2015, 2017, 2019"
"MWI",2003,NA,"1992, 1996, 2000, 2003, 2004, 2007, 2008, 2009, 2010, 2012, 2013, 2014, 2015, 2017, 2019"
"MWI",2004,"1992, 1995, 2000, 2004, 2006, 2010, 2013, 2015, 2019","1992, 1996, 2000, 2003, 2004, 2007, 2008, 2009, 2010, 2012, 2013, 2014, 2015, 2017, 2019"
"MWI",2006,"1992, 1995, 2000, 2004, 2006, 2010, 2013, 2015, 2019",NA
"MWI",2007,NA,"1992, 1996, 2000, 2003, 2004, 2007, 2008, 2009, 2010, 2012, 2013, 2014, 2015, 2017, 2019"
"MWI",2008,NA,"1992, 1996, 2000, 2003, 2004, 2007, 2008, 2009, 2010, 2012, 2013, 2014, 2015, 2017, 2019"
"MWI",2009,NA,"1992, 1996, 2000, 2003, 2004, 2007, 2008, 2009, 2010, 2012, 2013, 2014, 2015, 2017, 2019"
"MWI",2010,"1992, 1995, 2000, 2004, 2006, 2010, 2013, 2015, 2019","1992, 1996, 2000, 2003, 2004, 2007, 2008, 2009, 2010, 2012, 2013, 2014, 2015, 2017, 2019"
"MWI",2012,NA,"1992, 1996, 2000, 2003, 2004, 2007, 2008, 2009, 2010, 2012, 2013, 2014, 2015, 2017, 2019"
"MWI",2013,"1992, 1995, 2000, 2004, 2006, 2010, 2013, 2015, 2019","1992, 1996, 2000, 2003, 2004, 2007, 2008, 2009, 2010, 2012, 2013, 2014, 2015, 2017, 2019"
"MWI",2014,NA,"1992, 1996, 2000, 2003, 2004, 2007, 2008, 2009, 2010, 2012, 2013, 2014, 2015, 2017, 2019"
"MWI",2015,"1992, 1995, 2000, 2004, 2006, 2010, 2013, 2015, 2019","1992, 1996, 2000, 2003, 2004, 2007, 2008, 2009, 2010, 2012, 2013, 2014, 2015, 2017, 2019"
"MWI",2017,NA,"1992, 1996, 2000, 2003, 2004, 2007, 2008, 2009, 2010, 2012, 2013, 2014, 2015, 2017, 2019"
"MWI",2019,"1992, 1995, 2000, 2004, 2006, 2010, 2013, 2015, 2019","1992, 1996, 2000, 2003, 2004, 2007, 2008, 2009, 2010, 2012, 2013, 2014, 2015, 2017, 2019"
"MYS",2003,NA,"2003, 2012"
"MYS",2012,NA,"2003, 2012"
"MYS",-99,NA,NA
"NAM",1992,"1992, 2000, 2006, 2013","1992, 2000, 2003, 2004, 2006, 2013"
"NAM",2000,"1992, 2000, 2006, 2013","1992, 2000, 2003, 2004, 2006, 2013"
"NAM",2003,NA,"1992, 2000, 2003, 2004, 2006, 2013"
"NAM",2004,NA,"1992, 2000, 2003, 2004, 2006, 2013"
"NAM",2006,"1992, 2000, 2006, 2013","1992, 2000, 2003, 2004, 2006, 2013"
"NAM",2013,"1992, 2000, 2006, 2013","1992, 2000, 2003, 2004, 2006, 2013"
"NER",1992,"1992, 1996, 1998, 2000, 2006, 2012, 2017, 2021",NA
"NER",1996,"1992, 1996, 1998, 2000, 2006, 2012, 2017, 2021","1996, 1998, 2000, 2006, 2007, 2012"
"NER",1998,"1992, 1996, 1998, 2000, 2006, 2012, 2017, 2021","1996, 1998, 2000, 2006, 2007, 2012"
"NER",2000,"1992, 1996, 1998, 2000, 2006, 2012, 2017, 2021","1996, 1998, 2000, 2006, 2007, 2012"
"NER",2006,"1992, 1996, 1998, 2000, 2006, 2012, 2017, 2021","1996, 1998, 2000, 2006, 2007, 2012"
"NER",2007,NA,"1996, 1998, 2000, 2006, 2007, 2012"
"NER",2012,"1992, 1996, 1998, 2000, 2006, 2012, 2017, 2021","1996, 1998, 2000, 2006, 2007, 2012"
"NER",2017,"1992, 1996, 1998, 2000, 2006, 2012, 2017, 2021",NA
"NER",2021,"1992, 1996, 1998, 2000, 2006, 2012, 2017, 2021",NA
"NGA",1990,"1990, 1995, 2003, 2007, 2008, 2011, 2013, 2014, 2015, 2016, 2018","1990, 1999, 2003, 2004, 2006, 2008, 2009, 2010, 2011, 2013, 2015, 2016, 2018"
"NGA",1995,"1990, 1995, 2003, 2007, 2008, 2011, 2013, 2014, 2015, 2016, 2018",NA
"NGA",1999,NA,"1990, 1999, 2003, 2004, 2006, 2008, 2009, 2010, 2011, 2013, 2015, 2016, 2018"
"NGA",2003,"1990, 1995, 2003, 2007, 2008, 2011, 2013, 2014, 2015, 2016, 2018","1990, 1999, 2003, 2004, 2006, 2008, 2009, 2010, 2011, 2013, 2015, 2016, 2018"
"NGA",2004,NA,"1990, 1999, 2003, 2004, 2006, 2008, 2009, 2010, 2011, 2013, 2015, 2016, 2018"
"NGA",2006,NA,"1990, 1999, 2003, 2004, 2006, 2008, 2009, 2010, 2011, 2013, 2015, 2016, 2018"
"NGA",2007,"1990, 1995, 2003, 2007, 2008, 2011, 2013, 2014, 2015, 2016, 2018",NA
"NGA",2008,"1990, 1995, 2003, 2007, 2008, 2011, 2013, 2014, 2015, 2016, 2018","1990, 1999, 2003, 2004, 2006, 2008, 2009, 2010, 2011, 2013, 2015, 2016, 2018"
"NGA",2009,NA,"1990, 1999, 2003, 2004, 2006, 2008, 2009, 2010, 2011, 2013, 2015, 2016, 2018"
"NGA",2010,NA,"1990, 1999, 2003, 2004, 2006, 2008, 2009, 2010, 2011, 2013, 2015, 2016, 2018"
"NGA",2011,"1990, 1995, 2003, 2007, 2008, 2011, 2013, 2014, 2015, 2016, 2018","1990, 1999, 2003, 2004, 2006, 2008, 2009, 2010, 2011, 2013, 2015, 2016, 2018"
"NGA",2013,"1990, 1995, 2003, 2007, 2008, 2011, 2013, 2014, 2015, 2016, 2018","1990, 1999, 2003, 2004, 2006, 2008, 2009, 2010, 2011, 2013, 2015, 2016, 2018"
"NGA",2014,"1990, 1995, 2003, 2007, 2008, 2011, 2013, 2014, 2015, 2016, 2018",NA
"NGA",2015,"1990, 1995, 2003, 2007, 2008, 2011, 2013, 2014, 2015, 2016, 2018","1990, 1999, 2003, 2004, 2006, 2008, 2009, 2010, 2011, 2013, 2015, 2016, 2018"
"NGA",2016,"1990, 1995, 2003, 2007, 2008, 2011, 2013, 2014, 2015, 2016, 2018","1990, 1999, 2003, 2004, 2006, 2008, 2009, 2010, 2011, 2013, 2015, 2016, 2018"
"NGA",2018,"1990, 1995, 2003, 2007, 2008, 2011, 2013, 2014, 2015, 2016, 2018","1990, 1999, 2003, 2004, 2006, 2008, 2009, 2010, 2011, 2013, 2015, 2016, 2018"
"NIC",1992,NA,"1992, 1997, 2001, 2006"
"NIC",1997,NA,"1992, 1997, 2001, 2006"
"NIC",1998,"1998, 2001, 2007",NA
"NIC",2001,"1998, 2001, 2007","1992, 1997, 2001, 2006"
"NIC",2006,NA,"1992, 1997, 2001, 2006"
"NIC",2007,"1998, 2001, 2007",NA
"NLD",1985,"1985, 1986, 1987, 1988, 1989, 1990, 1991, 1992, 1993, 1994, 1995, 1996, 1997, 1998, 1999, 2000, 2001, 2002, 2003, 2004, 2005, 2006, 2007, 2008, 2009, 2010, 2011, 2012, 2013, 2014, 2015, 2016, 2017, 2018, 2019, 2024",NA
"NLD",1986,"1985, 1986, 1987, 1988, 1989, 1990, 1991, 1992, 1993, 1994, 1995, 1996, 1997, 1998, 1999, 2000, 2001, 2002, 2003, 2004, 2005, 2006, 2007, 2008, 2009, 2010, 2011, 2012, 2013, 2014, 2015, 2016, 2017, 2018, 2019, 2024",NA
"NLD",1987,"1985, 1986, 1987, 1988, 1989, 1990, 1991, 1992, 1993, 1994, 1995, 1996, 1997, 1998, 1999, 2000, 2001, 2002, 2003, 2004, 2005, 2006, 2007, 2008, 2009, 2010, 2011, 2012, 2013, 2014, 2015, 2016, 2017, 2018, 2019, 2024",NA
"NLD",1988,"1985, 1986, 1987, 1988, 1989, 1990, 1991, 1992, 1993, 1994, 1995, 1996, 1997, 1998, 1999, 2000, 2001, 2002, 2003, 2004, 2005, 2006, 2007, 2008, 2009, 2010, 2011, 2012, 2013, 2014, 2015, 2016, 2017, 2018, 2019, 2024",NA
"NLD",1989,"1985, 1986, 1987, 1988, 1989, 1990, 1991, 1992, 1993, 1994, 1995, 1996, 1997, 1998, 1999, 2000, 2001, 2002, 2003, 2004, 2005, 2006, 2007, 2008, 2009, 2010, 2011, 2012, 2013, 2014, 2015, 2016, 2017, 2018, 2019, 2024",NA
"NLD",1990,"1985, 1986, 1987, 1988, 1989, 1990, 1991, 1992, 1993, 1994, 1995, 1996, 1997, 1998, 1999, 2000, 2001, 2002, 2003, 2004, 2005, 2006, 2007, 2008, 2009, 2010, 2011, 2012, 2013, 2014, 2015, 2016, 2017, 2018, 2019, 2024",NA
"NLD",1991,"1985, 1986, 1987, 1988, 1989, 1990, 1991, 1992, 1993, 1994, 1995, 1996, 1997, 1998, 1999, 2000, 2001, 2002, 2003, 2004, 2005, 2006, 2007, 2008, 2009, 2010, 2011, 2012, 2013, 2014, 2015, 2016, 2017, 2018, 2019, 2024",NA
"NLD",1992,"1985, 1986, 1987, 1988, 1989, 1990, 1991, 1992, 1993, 1994, 1995, 1996, 1997, 1998, 1999, 2000, 2001, 2002, 2003, 2004, 2005, 2006, 2007, 2008, 2009, 2010, 2011, 2012, 2013, 2014, 2015, 2016, 2017, 2018, 2019, 2024",NA
"NLD",1993,"1985, 1986, 1987, 1988, 1989, 1990, 1991, 1992, 1993, 1994, 1995, 1996, 1997, 1998, 1999, 2000, 2001, 2002, 2003, 2004, 2005, 2006, 2007, 2008, 2009, 2010, 2011, 2012, 2013, 2014, 2015, 2016, 2017, 2018, 2019, 2024",NA
"NLD",1994,"1985, 1986, 1987, 1988, 1989, 1990, 1991, 1992, 1993, 1994, 1995, 1996, 1997, 1998, 1999, 2000, 2001, 2002, 2003, 2004, 2005, 2006, 2007, 2008, 2009, 2010, 2011, 2012, 2013, 2014, 2015, 2016, 2017, 2018, 2019, 2024",NA
"NLD",1995,"1985, 1986, 1987, 1988, 1989, 1990, 1991, 1992, 1993, 1994, 1995, 1996, 1997, 1998, 1999, 2000, 2001, 2002, 2003, 2004, 2005, 2006, 2007, 2008, 2009, 2010, 2011, 2012, 2013, 2014, 2015, 2016, 2017, 2018, 2019, 2024",NA
"NLD",1996,"1985, 1986, 1987, 1988, 1989, 1990, 1991, 1992, 1993, 1994, 1995, 1996, 1997, 1998, 1999, 2000, 2001, 2002, 2003, 2004, 2005, 2006, 2007, 2008, 2009, 2010, 2011, 2012, 2013, 2014, 2015, 2016, 2017, 2018, 2019, 2024",NA
"NLD",1997,"1985, 1986, 1987, 1988, 1989, 1990, 1991, 1992, 1993, 1994, 1995, 1996, 1997, 1998, 1999, 2000, 2001, 2002, 2003, 2004, 2005, 2006, 2007, 2008, 2009, 2010, 2011, 2012, 2013, 2014, 2015, 2016, 2017, 2018, 2019, 2024",NA
"NLD",1998,"1985, 1986, 1987, 1988, 1989, 1990, 1991, 1992, 1993, 1994, 1995, 1996, 1997, 1998, 1999, 2000, 2001, 2002, 2003, 2004, 2005, 2006, 2007, 2008, 2009, 2010, 2011, 2012, 2013, 2014, 2015, 2016, 2017, 2018, 2019, 2024",NA
"NLD",1999,"1985, 1986, 1987, 1988, 1989, 1990, 1991, 1992, 1993, 1994, 1995, 1996, 1997, 1998, 1999, 2000, 2001, 2002, 2003, 2004, 2005, 2006, 2007, 2008, 2009, 2010, 2011, 2012, 2013, 2014, 2015, 2016, 2017, 2018, 2019, 2024",NA
"NLD",2000,"1985, 1986, 1987, 1988, 1989, 1990, 1991, 1992, 1993, 1994, 1995, 1996, 1997, 1998, 1999, 2000, 2001, 2002, 2003, 2004, 2005, 2006, 2007, 2008, 2009, 2010, 2011, 2012, 2013, 2014, 2015, 2016, 2017, 2018, 2019, 2024",NA
"NLD",2001,"1985, 1986, 1987, 1988, 1989, 1990, 1991, 1992, 1993, 1994, 1995, 1996, 1997, 1998, 1999, 2000, 2001, 2002, 2003, 2004, 2005, 2006, 2007, 2008, 2009, 2010, 2011, 2012, 2013, 2014, 2015, 2016, 2017, 2018, 2019, 2024",NA
"NLD",2002,"1985, 1986, 1987, 1988, 1989, 1990, 1991, 1992, 1993, 1994, 1995, 1996, 1997, 1998, 1999, 2000, 2001, 2002, 2003, 2004, 2005, 2006, 2007, 2008, 2009, 2010, 2011, 2012, 2013, 2014, 2015, 2016, 2017, 2018, 2019, 2024",NA
"NLD",2003,"1985, 1986, 1987, 1988, 1989, 1990, 1991, 1992, 1993, 1994, 1995, 1996, 1997, 1998, 1999, 2000, 2001, 2002, 2003, 2004, 2005, 2006, 2007, 2008, 2009, 2010, 2011, 2012, 2013, 2014, 2015, 2016, 2017, 2018, 2019, 2024","2003"
"NLD",2004,"1985, 1986, 1987, 1988, 1989, 1990, 1991, 1992, 1993, 1994, 1995, 1996, 1997, 1998, 1999, 2000, 2001, 2002, 2003, 2004, 2005, 2006, 2007, 2008, 2009, 2010, 2011, 2012, 2013, 2014, 2015, 2016, 2017, 2018, 2019, 2024",NA
"NLD",2005,"1985, 1986, 1987, 1988, 1989, 1990, 1991, 1992, 1993, 1994, 1995, 1996, 1997, 1998, 1999, 2000, 2001, 2002, 2003, 2004, 2005, 2006, 2007, 2008, 2009, 2010, 2011, 2012, 2013, 2014, 2015, 2016, 2017, 2018, 2019, 2024",NA
"NLD",2006,"1985, 1986, 1987, 1988, 1989, 1990, 1991, 1992, 1993, 1994, 1995, 1996, 1997, 1998, 1999, 2000, 2001, 2002, 2003, 2004, 2005, 2006, 2007, 2008, 2009, 2010, 2011, 2012, 2013, 2014, 2015, 2016, 2017, 2018, 2019, 2024",NA
"NLD",2007,"1985, 1986, 1987, 1988, 1989, 1990, 1991, 1992, 1993, 1994, 1995, 1996, 1997, 1998, 1999, 2000, 2001, 2002, 2003, 2004, 2005, 2006, 2007, 2008, 2009, 2010, 2011, 2012, 2013, 2014, 2015, 2016, 2017, 2018, 2019, 2024",NA
"NLD",2008,"1985, 1986, 1987, 1988, 1989, 1990, 1991, 1992, 1993, 1994, 1995, 1996, 1997, 1998, 1999, 2000, 2001, 2002, 2003, 2004, 2005, 2006, 2007, 2008, 2009, 2010, 2011, 2012, 2013, 2014, 2015, 2016, 2017, 2018, 2019, 2024",NA
"NLD",2009,"1985, 1986, 1987, 1988, 1989, 1990, 1991, 1992, 1993, 1994, 1995, 1996, 1997, 1998, 1999, 2000, 2001, 2002, 2003, 2004, 2005, 2006, 2007, 2008, 2009, 2010, 2011, 2012, 2013, 2014, 2015, 2016, 2017, 2018, 2019, 2024",NA
"NLD",2010,"1985, 1986, 1987, 1988, 1989, 1990, 1991, 1992, 1993, 1994, 1995, 1996, 1997, 1998, 1999, 2000, 2001, 2002, 2003, 2004, 2005, 2006, 2007, 2008, 2009, 2010, 2011, 2012, 2013, 2014, 2015, 2016, 2017, 2018, 2019, 2024",NA
"NLD",2011,"1985, 1986, 1987, 1988, 1989, 1990, 1991, 1992, 1993, 1994, 1995, 1996, 1997, 1998, 1999, 2000, 2001, 2002, 2003, 2004, 2005, 2006, 2007, 2008, 2009, 2010, 2011, 2012, 2013, 2014, 2015, 2016, 2017, 2018, 2019, 2024",NA
"NLD",2012,"1985, 1986, 1987, 1988, 1989, 1990, 1991, 1992, 1993, 1994, 1995, 1996, 1997, 1998, 1999, 2000, 2001, 2002, 2003, 2004, 2005, 2006, 2007, 2008, 2009, 2010, 2011, 2012, 2013, 2014, 2015, 2016, 2017, 2018, 2019, 2024",NA
"NLD",2013,"1985, 1986, 1987, 1988, 1989, 1990, 1991, 1992, 1993, 1994, 1995, 1996, 1997, 1998, 1999, 2000, 2001, 2002, 2003, 2004, 2005, 2006, 2007, 2008, 2009, 2010, 2011, 2012, 2013, 2014, 2015, 2016, 2017, 2018, 2019, 2024",NA
"NLD",2014,"1985, 1986, 1987, 1988, 1989, 1990, 1991, 1992, 1993, 1994, 1995, 1996, 1997, 1998, 1999, 2000, 2001, 2002, 2003, 2004, 2005, 2006, 2007, 2008, 2009, 2010, 2011, 2012, 2013, 2014, 2015, 2016, 2017, 2018, 2019, 2024",NA
"NLD",2015,"1985, 1986, 1987, 1988, 1989, 1990, 1991, 1992, 1993, 1994, 1995, 1996, 1997, 1998, 1999, 2000, 2001, 2002, 2003, 2004, 2005, 2006, 2007, 2008, 2009, 2010, 2011, 2012, 2013, 2014, 2015, 2016, 2017, 2018, 2019, 2024",NA
"NLD",2016,"1985, 1986, 1987, 1988, 1989, 1990, 1991, 1992, 1993, 1994, 1995, 1996, 1997, 1998, 1999, 2000, 2001, 2002, 2003, 2004, 2005, 2006, 2007, 2008, 2009, 2010, 2011, 2012, 2013, 2014, 2015, 2016, 2017, 2018, 2019, 2024",NA
"NLD",2017,"1985, 1986, 1987, 1988, 1989, 1990, 1991, 1992, 1993, 1994, 1995, 1996, 1997, 1998, 1999, 2000, 2001, 2002, 2003, 2004, 2005, 2006, 2007, 2008, 2009, 2010, 2011, 2012, 2013, 2014, 2015, 2016, 2017, 2018, 2019, 2024",NA
"NLD",2018,"1985, 1986, 1987, 1988, 1989, 1990, 1991, 1992, 1993, 1994, 1995, 1996, 1997, 1998, 1999, 2000, 2001, 2002, 2003, 2004, 2005, 2006, 2007, 2008, 2009, 2010, 2011, 2012, 2013, 2014, 2015, 2016, 2017, 2018, 2019, 2024",NA
"NLD",2019,"1985, 1986, 1987, 1988, 1989, 1990, 1991, 1992, 1993, 1994, 1995, 1996, 1997, 1998, 1999, 2000, 2001, 2002, 2003, 2004, 2005, 2006, 2007, 2008, 2009, 2010, 2011, 2012, 2013, 2014, 2015, 2016, 2017, 2018, 2019, 2024",NA
"NLD",2024,"1985, 1986, 1987, 1988, 1989, 1990, 1991, 1992, 1993, 1994, 1995, 1996, 1997, 1998, 1999, 2000, 2001, 2002, 2003, 2004, 2005, 2006, 2007, 2008, 2009, 2010, 2011, 2012, 2013, 2014, 2015, 2016, 2017, 2018, 2019, 2024",NA
"NOR",1998,"1998, 2002, 2005, 2008, 2012, 2015, 2019, 2021",NA
"NOR",2002,"1998, 2002, 2005, 2008, 2012, 2015, 2019, 2021",NA
"NOR",2003,NA,"2003"
"NOR",2005,"1998, 2002, 2005, 2008, 2012, 2015, 2019, 2021",NA
"NOR",2008,"1998, 2002, 2005, 2008, 2012, 2015, 2019, 2021",NA
"NOR",2012,"1998, 2002, 2005, 2008, 2012, 2015, 2019, 2021",NA
"NOR",2015,"1998, 2002, 2005, 2008, 2012, 2015, 2019, 2021",NA
"NOR",2019,"1998, 2002, 2005, 2008, 2012, 2015, 2019, 2021",NA
"NOR",2021,"1998, 2002, 2005, 2008, 2012, 2015, 2019, 2021",NA
"NPL",1987,NA,"1987, 2001, 2003, 2006, 2011, 2012, 2014, 2016, 2022"
"NPL",1995,"1995, 1996, 2001, 2006, 2011, 2014, 2016, 2019",NA
"NPL",1996,"1995, 1996, 2001, 2006, 2011, 2014, 2016, 2019",NA
"NPL",2001,"1995, 1996, 2001, 2006, 2011, 2014, 2016, 2019","1987, 2001, 2003, 2006, 2011, 2012, 2014, 2016, 2022"
"NPL",2003,NA,"1987, 2001, 2003, 2006, 2011, 2012, 2014, 2016, 2022"
"NPL",2006,"1995, 1996, 2001, 2006, 2011, 2014, 2016, 2019","1987, 2001, 2003, 2006, 2011, 2012, 2014, 2016, 2022"
"NPL",2011,"1995, 1996, 2001, 2006, 2011, 2014, 2016, 2019","1987, 2001, 2003, 2006, 2011, 2012, 2014, 2016, 2022"
"NPL",2012,NA,"1987, 2001, 2003, 2006, 2011, 2012, 2014, 2016, 2022"
"NPL",2014,"1995, 1996, 2001, 2006, 2011, 2014, 2016, 2019","1987, 2001, 2003, 2006, 2011, 2012, 2014, 2016, 2022"
"NPL",2016,"1995, 1996, 2001, 2006, 2011, 2014, 2016, 2019","1987, 2001, 2003, 2006, 2011, 2012, 2014, 2016, 2022"
"NPL",2019,"1995, 1996, 2001, 2006, 2011, 2014, 2016, 2019",NA
"NPL",2022,NA,"1987, 2001, 2003, 2006, 2011, 2012, 2014, 2016, 2022"
"NRU",-99,NA,NA
"NZL",2020,"2020, 2022, 2023, 2024",NA
"NZL",2022,"2020, 2022, 2023, 2024",NA
"NZL",2023,"2020, 2022, 2023, 2024",NA
"NZL",2024,"2020, 2022, 2023, 2024",NA
"OMN",1995,"1995, 2014",NA
"OMN",2005,NA,"2005, 2010"
"OMN",2010,NA,"2005, 2010"
"OMN",2014,"1995, 2014",NA
"PAK",1990,"1990, 1995, 2006, 2012, 2017",NA
"PAK",1995,"1990, 1995, 2006, 2012, 2017",NA
"PAK",2003,NA,"2003, 2006, 2008, 2011, 2012, 2017, 2019"
"PAK",2006,"1990, 1995, 2006, 2012, 2017","2003, 2006, 2008, 2011, 2012, 2017, 2019"
"PAK",2008,NA,"2003, 2006, 2008, 2011, 2012, 2017, 2019"
"PAK",2011,NA,"2003, 2006, 2008, 2011, 2012, 2017, 2019"
"PAK",2012,"1990, 1995, 2006, 2012, 2017","2003, 2006, 2008, 2011, 2012, 2017, 2019"
"PAK",2017,"1990, 1995, 2006, 2012, 2017","2003, 2006, 2008, 2011, 2012, 2017, 2019"
"PAK",2019,NA,"2003, 2006, 2008, 2011, 2012, 2017, 2019"
"PAN",1996,"1996, 2013",NA
"PAN",2013,"1996, 2013",NA
"PER",1986,"1986, 1991, 1996, 2000, 2018","1986, 1991, 2000, 2003, 2007, 2008, 2009, 2010, 2011, 2012"
"PER",1991,"1986, 1991, 1996, 2000, 2018","1986, 1991, 2000, 2003, 2007, 2008, 2009, 2010, 2011, 2012"
"PER",1996,"1986, 1991, 1996, 2000, 2018",NA
"PER",2000,"1986, 1991, 1996, 2000, 2018","1986, 1991, 2000, 2003, 2007, 2008, 2009, 2010, 2011, 2012"
"PER",2003,NA,"1986, 1991, 2000, 2003, 2007, 2008, 2009, 2010, 2011, 2012"
"PER",2007,NA,"1986, 1991, 2000, 2003, 2007, 2008, 2009, 2010, 2011, 2012"
"PER",2008,NA,"1986, 1991, 2000, 2003, 2007, 2008, 2009, 2010, 2011, 2012"
"PER",2009,NA,"1986, 1991, 2000, 2003, 2007, 2008, 2009, 2010, 2011, 2012"
"PER",2010,NA,"1986, 1991, 2000, 2003, 2007, 2008, 2009, 2010, 2011, 2012"
"PER",2011,NA,"1986, 1991, 2000, 2003, 2007, 2008, 2009, 2010, 2011, 2012"
"PER",2012,NA,"1986, 1991, 2000, 2003, 2007, 2008, 2009, 2010, 2011, 2012"
"PER",2018,"1986, 1991, 1996, 2000, 2018",NA
"PHL",1993,"1993, 1996, 1998, 1999, 2003, 2008, 2013, 2017","1993, 1998, 2003, 2007, 2008, 2013, 2017, 2022"
"PHL",1996,"1993, 1996, 1998, 1999, 2003, 2008, 2013, 2017",NA
"PHL",1998,"1993, 1996, 1998, 1999, 2003, 2008, 2013, 2017","1993, 1998, 2003, 2007, 2008, 2013, 2017, 2022"
"PHL",1999,"1993, 1996, 1998, 1999, 2003, 2008, 2013, 2017",NA
"PHL",2003,"1993, 1996, 1998, 1999, 2003, 2008, 2013, 2017","1993, 1998, 2003, 2007, 2008, 2013, 2017, 2022"
"PHL",2007,NA,"1993, 1998, 2003, 2007, 2008, 2013, 2017, 2022"
"PHL",2008,"1993, 1996, 1998, 1999, 2003, 2008, 2013, 2017","1993, 1998, 2003, 2007, 2008, 2013, 2017, 2022"
"PHL",2013,"1993, 1996, 1998, 1999, 2003, 2008, 2013, 2017","1993, 1998, 2003, 2007, 2008, 2013, 2017, 2022"
"PHL",2017,"1993, 1996, 1998, 1999, 2003, 2008, 2013, 2017","1993, 1998, 2003, 2007, 2008, 2013, 2017, 2022"
"PHL",2022,NA,"1993, 1998, 2003, 2007, 2008, 2013, 2017, 2022"
"PLW",-99,NA,NA
"PNG",2016,"2016",NA
"POL",2009,"2009, 2014, 2019, 2020",NA
"POL",2014,"2009, 2014, 2019, 2020",NA
"POL",2019,"2009, 2014, 2019, 2020",NA
"POL",2020,"2009, 2014, 2019, 2020",NA
"PRT",2003,NA,"2003"
"PRT",2005,"2005, 2014, 2019, 2024",NA
"PRT",2014,"2005, 2014, 2019, 2024",NA
"PRT",2019,"2005, 2014, 2019, 2024",NA
"PRT",2024,"2005, 2014, 2019, 2024",NA
"PRY",1990,"1990, 2016","1990, 2003, 2004, 2008, 2016"
"PRY",2003,NA,"1990, 2003, 2004, 2008, 2016"
"PRY",2004,NA,"1990, 2003, 2004, 2008, 2016"
"PRY",2008,NA,"1990, 2003, 2004, 2008, 2016"
"PRY",2016,"1990, 2016","1990, 2003, 2004, 2008, 2016"
"PSE",1996,NA,"1996, 2000"
"PSE",2000,NA,"1996, 2000"
"PSE",2004,"2004, 2006, 2010, 2014, 2019",NA
"PSE",2006,"2004, 2006, 2010, 2014, 2019",NA
"PSE",2010,"2004, 2006, 2010, 2014, 2019",NA
"PSE",2014,"2004, 2006, 2010, 2014, 2019",NA
"PSE",2019,"2004, 2006, 2010, 2014, 2019",NA
"QAT",2011,NA,"2011, 2012"
"QAT",2012,"2012","2011, 2012"
"ROU",2008,"2008, 2014, 2019",NA
"ROU",2014,"2008, 2014, 2019",NA
"ROU",2019,"2008, 2014, 2019",NA
"RUS",2003,NA,"2003, 2007"
"RUS",2007,NA,"2003, 2007"
"RUS",-99,NA,NA
"RWA",1992,"1992, 2005, 2010, 2014, 2019",NA
"RWA",2000,NA,"2000, 2005, 2007, 2010, 2011, 2013, 2014, 2019"
"RWA",2005,"1992, 2005, 2010, 2014, 2019","2000, 2005, 2007, 2010, 2011, 2013, 2014, 2019"
"RWA",2007,NA,"2000, 2005, 2007, 2010, 2011, 2013, 2014, 2019"
"RWA",2010,"1992, 2005, 2010, 2014, 2019","2000, 2005, 2007, 2010, 2011, 2013, 2014, 2019"
"RWA",2011,NA,"2000, 2005, 2007, 2010, 2011, 2013, 2014, 2019"
"RWA",2013,NA,"2000, 2005, 2007, 2010, 2011, 2013, 2014, 2019"
"RWA",2014,"1992, 2005, 2010, 2014, 2019","2000, 2005, 2007, 2010, 2011, 2013, 2014, 2019"
"RWA",2019,"1992, 2005, 2010, 2014, 2019","2000, 2005, 2007, 2010, 2011, 2013, 2014, 2019"
"SAU",2017,"2017, 2018, 2023",NA
"SAU",2018,"2017, 2018, 2023",NA
"SAU",2023,"2017, 2018, 2023",NA
"SDN",1989,"1989, 1995, 2000, 2010, 2014",NA
"SDN",1995,"1989, 1995, 2000, 2010, 2014",NA
"SDN",2000,"1989, 1995, 2000, 2010, 2014","2000, 2011, 2014, 2016, 2021"
"SDN",2010,"1989, 1995, 2000, 2010, 2014",NA
"SDN",2011,NA,"2000, 2011, 2014, 2016, 2021"
"SDN",2014,"1989, 1995, 2000, 2010, 2014","2000, 2011, 2014, 2016, 2021"
"SDN",2016,NA,"2000, 2011, 2014, 2016, 2021"
"SDN",2021,NA,"2000, 2011, 2014, 2016, 2021"
"SEN",1986,"1986, 1992, 1996, 1997, 1999, 2000, 2005, 2010","1986, 1992, 1997, 1999, 2000, 2003, 2005, 2010, 2012, 2014, 2015, 2016, 2017, 2018, 2019, 2023"
"SEN",1992,"1986, 1992, 1996, 1997, 1999, 2000, 2005, 2010","1986, 1992, 1997, 1999, 2000, 2003, 2005, 2010, 2012, 2014, 2015, 2016, 2017, 2018, 2019, 2023"
"SEN",1996,"1986, 1992, 1996, 1997, 1999, 2000, 2005, 2010",NA
"SEN",1997,"1986, 1992, 1996, 1997, 1999, 2000, 2005, 2010","1986, 1992, 1997, 1999, 2000, 2003, 2005, 2010, 2012, 2014, 2015, 2016, 2017, 2018, 2019, 2023"
"SEN",1999,"1986, 1992, 1996, 1997, 1999, 2000, 2005, 2010","1986, 1992, 1997, 1999, 2000, 2003, 2005, 2010, 2012, 2014, 2015, 2016, 2017, 2018, 2019, 2023"
"SEN",2000,"1986, 1992, 1996, 1997, 1999, 2000, 2005, 2010","1986, 1992, 1997, 1999, 2000, 2003, 2005, 2010, 2012, 2014, 2015, 2016, 2017, 2018, 2019, 2023"
"SEN",2003,NA,"1986, 1992, 1997, 1999, 2000, 2003, 2005, 2010, 2012, 2014, 2015, 2016, 2017, 2018, 2019, 2023"
"SEN",2005,"1986, 1992, 1996, 1997, 1999, 2000, 2005, 2010","1986, 1992, 1997, 1999, 2000, 2003, 2005, 2010, 2012, 2014, 2015, 2016, 2017, 2018, 2019, 2023"
"SEN",2010,"1986, 1992, 1996, 1997, 1999, 2000, 2005, 2010","1986, 1992, 1997, 1999, 2000, 2003, 2005, 2010, 2012, 2014, 2015, 2016, 2017, 2018, 2019, 2023"
"SEN",2012,NA,"1986, 1992, 1997, 1999, 2000, 2003, 2005, 2010, 2012, 2014, 2015, 2016, 2017, 2018, 2019, 2023"
"SEN",2014,NA,"1986, 1992, 1997, 1999, 2000, 2003, 2005, 2010, 2012, 2014, 2015, 2016, 2017, 2018, 2019, 2023"
"SEN",2015,NA,"1986, 1992, 1997, 1999, 2000, 2003, 2005, 2010, 2012, 2014, 2015, 2016, 2017, 2018, 2019, 2023"
"SEN",2016,NA,"1986, 1992, 1997, 1999, 2000, 2003, 2005, 2010, 2012, 2014, 2015, 2016, 2017, 2018, 2019, 2023"
"SEN",2017,NA,"1986, 1992, 1997, 1999, 2000, 2003, 2005, 2010, 2012, 2014, 2015, 2016, 2017, 2018, 2019, 2023"
"SEN",2018,NA,"1986, 1992, 1997, 1999, 2000, 2003, 2005, 2010, 2012, 2014, 2015, 2016, 2017, 2018, 2019, 2023"
"SEN",2019,NA,"1986, 1992, 1997, 1999, 2000, 2003, 2005, 2010, 2012, 2014, 2015, 2016, 2017, 2018, 2019, 2023"
"SEN",2023,NA,"1986, 1992, 1997, 1999, 2000, 2003, 2005, 2010, 2012, 2014, 2015, 2016, 2017, 2018, 2019, 2023"
"SGP",1992,"1992, 1998, 2001, 2004, 2007, 2010, 2013, 2016, 2020",NA
"SGP",1998,"1992, 1998, 2001, 2004, 2007, 2010, 2013, 2016, 2020",NA
"SGP",2001,"1992, 1998, 2001, 2004, 2007, 2010, 2013, 2016, 2020",NA
"SGP",2004,"1992, 1998, 2001, 2004, 2007, 2010, 2013, 2016, 2020",NA
"SGP",2007,"1992, 1998, 2001, 2004, 2007, 2010, 2013, 2016, 2020",NA
"SGP",2010,"1992, 1998, 2001, 2004, 2007, 2010, 2013, 2016, 2020",NA
"SGP",2013,"1992, 1998, 2001, 2004, 2007, 2010, 2013, 2016, 2020",NA
"SGP",2016,"1992, 1998, 2001, 2004, 2007, 2010, 2013, 2016, 2020",NA
"SGP",2020,"1992, 1998, 2001, 2004, 2007, 2010, 2013, 2016, 2020",NA
"SLB",2006,"2006","2006"
"SLE",1995,"1995, 2000, 2005, 2008, 2010, 2013, 2017, 2019",NA
"SLE",2000,"1995, 2000, 2005, 2008, 2010, 2013, 2017, 2019","2000, 2005, 2008, 2010, 2013, 2016, 2017, 2019"
"SLE",2005,"1995, 2000, 2005, 2008, 2010, 2013, 2017, 2019","2000, 2005, 2008, 2010, 2013, 2016, 2017, 2019"
"SLE",2008,"1995, 2000, 2005, 2008, 2010, 2013, 2017, 2019","2000, 2005, 2008, 2010, 2013, 2016, 2017, 2019"
"SLE",2010,"1995, 2000, 2005, 2008, 2010, 2013, 2017, 2019","2000, 2005, 2008, 2010, 2013, 2016, 2017, 2019"
"SLE",2013,"1995, 2000, 2005, 2008, 2010, 2013, 2017, 2019","2000, 2005, 2008, 2010, 2013, 2016, 2017, 2019"
"SLE",2016,NA,"2000, 2005, 2008, 2010, 2013, 2016, 2017, 2019"
"SLE",2017,"1995, 2000, 2005, 2008, 2010, 2013, 2017, 2019","2000, 2005, 2008, 2010, 2013, 2016, 2017, 2019"
"SLE",2019,"1995, 2000, 2005, 2008, 2010, 2013, 2017, 2019","2000, 2005, 2008, 2010, 2013, 2016, 2017, 2019"
"SLV",1985,NA,"1985, 2008, 2014"
"SLV",1993,"1993, 1998, 2008, 2014",NA
"SLV",1998,"1993, 1998, 2008, 2014",NA
"SLV",2008,"1993, 1998, 2008, 2014","1985, 2008, 2014"
"SLV",2014,"1993, 1998, 2008, 2014","1985, 2008, 2014"
"SOM",2000,"2000, 2006",NA
"SOM",2006,"2000, 2006",NA
"SRB",2005,"2005, 2010, 2014","2005, 2010, 2014"
"SRB",2010,"2005, 2010, 2014","2005, 2010, 2014"
"SRB",2014,"2005, 2010, 2014","2005, 2010, 2014"
"SSD",2010,"2010",NA
"STP",1996,"1996, 2000, 2006, 2008, 2014, 2019",NA
"STP",2000,"1996, 2000, 2006, 2008, 2014, 2019",NA
"STP",2006,"1996, 2000, 2006, 2008, 2014, 2019",NA
"STP",2008,"1996, 2000, 2006, 2008, 2014, 2019",NA
"STP",2014,"1996, 2000, 2006, 2008, 2014, 2019",NA
"STP",2019,"1996, 2000, 2006, 2008, 2014, 2019",NA
"SUR",1999,"1999, 2006, 2010, 2018","1999, 2009, 2010, 2018"
"SUR",2006,"1999, 2006, 2010, 2018",NA
"SUR",2009,NA,"1999, 2009, 2010, 2018"
"SUR",2010,"1999, 2006, 2010, 2018","1999, 2009, 2010, 2018"
"SUR",2018,"1999, 2006, 2010, 2018","1999, 2009, 2010, 2018"
"SVK",2003,NA,"2003"
"SVK",2009,"2009, 2014, 2019",NA
"SVK",2014,"2009, 2014, 2019",NA
"SVK",2019,"2009, 2014, 2019",NA
"SVN",2003,NA,"2003"
"SVN",2007,"2007, 2014, 2019",NA
"SVN",2014,"2007, 2014, 2019",NA
"SVN",2019,"2007, 2014, 2019",NA
"SWE",2003,NA,"2003"
"SWE",2014,"2014, 2019",NA
"SWE",2019,"2014, 2019",NA
"SWZ",1995,"1995, 2000, 2003, 2006, 2010, 2014",NA
"SWZ",2000,"1995, 2000, 2003, 2006, 2010, 2014","2000, 2003, 2006, 2010, 2012, 2014"
"SWZ",2003,"1995, 2000, 2003, 2006, 2010, 2014","2000, 2003, 2006, 2010, 2012, 2014"
"SWZ",2006,"1995, 2000, 2003, 2006, 2010, 2014","2000, 2003, 2006, 2010, 2012, 2014"
"SWZ",2010,"1995, 2000, 2003, 2006, 2010, 2014","2000, 2003, 2006, 2010, 2012, 2014"
"SWZ",2012,NA,"2000, 2003, 2006, 2010, 2012, 2014"
"SWZ",2014,"1995, 2000, 2003, 2006, 2010, 2014","2000, 2003, 2006, 2010, 2012, 2014"
"SYC",2007,NA,"2007"
"SYC",-99,NA,NA
"SYR",1995,"1995, 2000, 2006",NA
"SYR",2000,"1995, 2000, 2006",NA
"SYR",2006,"1995, 2000, 2006","2006, 2010"
"SYR",2010,NA,"2006, 2010"
"TCD",1996,NA,"1996, 2003, 2004, 2014"
"TCD",1997,"1997, 2000, 2003, 2004, 2010, 2014, 2019",NA
"TCD",2000,"1997, 2000, 2003, 2004, 2010, 2014, 2019",NA
"TCD",2003,"1997, 2000, 2003, 2004, 2010, 2014, 2019","1996, 2003, 2004, 2014"
"TCD",2004,"1997, 2000, 2003, 2004, 2010, 2014, 2019","1996, 2003, 2004, 2014"
"TCD",2010,"1997, 2000, 2003, 2004, 2010, 2014, 2019",NA
"TCD",2014,"1997, 2000, 2003, 2004, 2010, 2014, 2019","1996, 2003, 2004, 2014"
"TCD",2019,"1997, 2000, 2003, 2004, 2010, 2014, 2019",NA
"TGO",1988,"1988, 1996, 1998, 2000, 2006, 2010, 2013, 2017","1988, 1998, 2006, 2013"
"TGO",1996,"1988, 1996, 1998, 2000, 2006, 2010, 2013, 2017",NA
"TGO",1998,"1988, 1996, 1998, 2000, 2006, 2010, 2013, 2017","1988, 1998, 2006, 2013"
"TGO",2000,"1988, 1996, 1998, 2000, 2006, 2010, 2013, 2017",NA
"TGO",2006,"1988, 1996, 1998, 2000, 2006, 2010, 2013, 2017","1988, 1998, 2006, 2013"
"TGO",2010,"1988, 1996, 1998, 2000, 2006, 2010, 2013, 2017",NA
"TGO",2013,"1988, 1996, 1998, 2000, 2006, 2010, 2013, 2017","1988, 1998, 2006, 2013"
"TGO",2017,"1988, 1996, 1998, 2000, 2006, 2010, 2013, 2017",NA
"THA",1987,"1987, 2005, 2012, 2015, 2019","1987, 2005, 2008, 2015"
"THA",2005,"1987, 2005, 2012, 2015, 2019","1987, 2005, 2008, 2015"
"THA",2008,NA,"1987, 2005, 2008, 2015"
"THA",2012,"1987, 2005, 2012, 2015, 2019",NA
"THA",2015,"1987, 2005, 2012, 2015, 2019","1987, 2005, 2008, 2015"
"THA",2019,"1987, 2005, 2012, 2015, 2019",NA
"TJK",2000,"2000, 2005, 2012, 2017","2000, 2005, 2006, 2012, 2017"
"TJK",2005,"2000, 2005, 2012, 2017","2000, 2005, 2006, 2012, 2017"
"TJK",2006,NA,"2000, 2005, 2006, 2012, 2017"
"TJK",2012,"2000, 2005, 2012, 2017","2000, 2005, 2006, 2012, 2017"
"TJK",2017,"2000, 2005, 2012, 2017","2000, 2005, 2006, 2012, 2017"
"TKM",1996,"1996, 2000, 2006, 2015, 2019",NA
"TKM",2000,"1996, 2000, 2006, 2015, 2019","2000, 2015"
"TKM",2006,"1996, 2000, 2006, 2015, 2019",NA
"TKM",2015,"1996, 2000, 2006, 2015, 2019","2000, 2015"
"TKM",2019,"1996, 2000, 2006, 2015, 2019",NA
"TLS",2002,"2002, 2009, 2016","2002, 2009, 2016"
"TLS",2009,"2002, 2009, 2016","2002, 2009, 2016"
"TLS",2016,"2002, 2009, 2016","2002, 2009, 2016"
"TON",2010,NA,"2010"
"TON",2012,"2012, 2019",NA
"TON",2019,"2012, 2019",NA
"TTO",1987,"1987, 2000, 2006, 2011","1987, 2000, 2006, 2007, 2011"
"TTO",2000,"1987, 2000, 2006, 2011","1987, 2000, 2006, 2007, 2011"
"TTO",2006,"1987, 2000, 2006, 2011","1987, 2000, 2006, 2007, 2011"
"TTO",2007,NA,"1987, 2000, 2006, 2007, 2011"
"TTO",2011,"1987, 2000, 2006, 2011","1987, 2000, 2006, 2007, 2011"
"TUN",1988,"1988, 2000, 2006, 2011, 2018","1988, 2000, 2003, 2006, 2007, 2011"
"TUN",2000,"1988, 2000, 2006, 2011, 2018","1988, 2000, 2003, 2006, 2007, 2011"
"TUN",2003,NA,"1988, 2000, 2003, 2006, 2007, 2011"
"TUN",2006,"1988, 2000, 2006, 2011, 2018","1988, 2000, 2003, 2006, 2007, 2011"
"TUN",2007,NA,"1988, 2000, 2003, 2006, 2007, 2011"
"TUN",2011,"1988, 2000, 2006, 2011, 2018","1988, 2000, 2003, 2006, 2007, 2011"
"TUN",2018,"1988, 2000, 2006, 2011, 2018",NA
"TUR",1993,"1993, 1995, 1998, 2004, 2008, 2010, 2012, 2013, 2014, 2016, 2018, 2019","1993, 1998, 2003, 2013"
"TUR",1995,"1993, 1995, 1998, 2004, 2008, 2010, 2012, 2013, 2014, 2016, 2018, 2019",NA
"TUR",1998,"1993, 1995, 1998, 2004, 2008, 2010, 2012, 2013, 2014, 2016, 2018, 2019","1993, 1998, 2003, 2013"
"TUR",2003,NA,"1993, 1998, 2003, 2013"
"TUR",2004,"1993, 1995, 1998, 2004, 2008, 2010, 2012, 2013, 2014, 2016, 2018, 2019",NA
"TUR",2008,"1993, 1995, 1998, 2004, 2008, 2010, 2012, 2013, 2014, 2016, 2018, 2019",NA
"TUR",2010,"1993, 1995, 1998, 2004, 2008, 2010, 2012, 2013, 2014, 2016, 2018, 2019",NA
"TUR",2012,"1993, 1995, 1998, 2004, 2008, 2010, 2012, 2013, 2014, 2016, 2018, 2019",NA
"TUR",2013,"1993, 1995, 1998, 2004, 2008, 2010, 2012, 2013, 2014, 2016, 2018, 2019","1993, 1998, 2003, 2013"
"TUR",2014,"1993, 1995, 1998, 2004, 2008, 2010, 2012, 2013, 2014, 2016, 2018, 2019",NA
"TUR",2016,"1993, 1995, 1998, 2004, 2008, 2010, 2012, 2013, 2014, 2016, 2018, 2019",NA
"TUR",2018,"1993, 1995, 1998, 2004, 2008, 2010, 2012, 2013, 2014, 2016, 2018, 2019",NA
"TUR",2019,"1993, 1995, 1998, 2004, 2008, 2010, 2012, 2013, 2014, 2016, 2018, 2019",NA
"TUV",2019,"2019",NA
"TZA",1991,"1991, 1999, 2004, 2010, 2015","1991, 1994, 1996, 1999, 2006, 2008, 2015, 2022"
"TZA",1994,NA,"1991, 1994, 1996, 1999, 2006, 2008, 2015, 2022"
"TZA",1996,NA,"1991, 1994, 1996, 1999, 2006, 2008, 2015, 2022"
"TZA",1999,"1991, 1999, 2004, 2010, 2015","1991, 1994, 1996, 1999, 2006, 2008, 2015, 2022"
"TZA",2004,"1991, 1999, 2004, 2010, 2015",NA
"TZA",2006,NA,"1991, 1994, 1996, 1999, 2006, 2008, 2015, 2022"
"TZA",2008,NA,"1991, 1994, 1996, 1999, 2006, 2008, 2015, 2022"
"TZA",2010,"1991, 1999, 2004, 2010, 2015",NA
"TZA",2015,"1991, 1999, 2004, 2010, 2015","1991, 1994, 1996, 1999, 2006, 2008, 2015, 2022"
"TZA",2022,NA,"1991, 1994, 1996, 1999, 2006, 2008, 2015, 2022"
"UGA",1988,"1988, 1995, 2000, 2006, 2011, 2016",NA
"UGA",1995,"1988, 1995, 2000, 2006, 2011, 2016","1995, 2000, 2003, 2004, 2011, 2014, 2016"
"UGA",2000,"1988, 1995, 2000, 2006, 2011, 2016","1995, 2000, 2003, 2004, 2011, 2014, 2016"
"UGA",2003,NA,"1995, 2000, 2003, 2004, 2011, 2014, 2016"
"UGA",2004,NA,"1995, 2000, 2003, 2004, 2011, 2014, 2016"
"UGA",2006,"1988, 1995, 2000, 2006, 2011, 2016",NA
"UGA",2011,"1988, 1995, 2000, 2006, 2011, 2016","1995, 2000, 2003, 2004, 2011, 2014, 2016"
"UGA",2014,NA,"1995, 2000, 2003, 2004, 2011, 2014, 2016"
"UGA",2016,"1988, 1995, 2000, 2006, 2011, 2016","1995, 2000, 2003, 2004, 2011, 2014, 2016"
"UKR",1999,NA,"1999, 2003, 2005, 2007, 2012"
"UKR",2000,"2000, 2005, 2007, 2012",NA
"UKR",2003,NA,"1999, 2003, 2005, 2007, 2012"
"UKR",2005,"2000, 2005, 2007, 2012","1999, 2003, 2005, 2007, 2012"
"UKR",2007,"2000, 2005, 2007, 2012","1999, 2003, 2005, 2007, 2012"
"UKR",2012,"2000, 2005, 2007, 2012","1999, 2003, 2005, 2007, 2012"
"URY",2003,NA,"2003, 2006, 2012, 2014, 2015"
"URY",2006,NA,"2003, 2006, 2012, 2014, 2015"
"URY",2012,"2012","2003, 2006, 2012, 2014, 2015"
"URY",2014,NA,"2003, 2006, 2012, 2014, 2015"
"URY",2015,NA,"2003, 2006, 2012, 2014, 2015"
"USA",1985,"1985, 1986, 1987, 1988, 1989, 1990, 1991, 1992, 1993, 1994, 1995, 1996, 1997, 1998, 1999, 2000, 2001, 2002, 2003, 2004, 2005, 2006, 2007, 2008, 2009, 2010, 2011, 2012, 2013, 2014, 2015, 2016, 2017, 2018, 2019, 2020, 2021, 2022, 2023, 2024",NA
"USA",1986,"1985, 1986, 1987, 1988, 1989, 1990, 1991, 1992, 1993, 1994, 1995, 1996, 1997, 1998, 1999, 2000, 2001, 2002, 2003, 2004, 2005, 2006, 2007, 2008, 2009, 2010, 2011, 2012, 2013, 2014, 2015, 2016, 2017, 2018, 2019, 2020, 2021, 2022, 2023, 2024",NA
"USA",1987,"1985, 1986, 1987, 1988, 1989, 1990, 1991, 1992, 1993, 1994, 1995, 1996, 1997, 1998, 1999, 2000, 2001, 2002, 2003, 2004, 2005, 2006, 2007, 2008, 2009, 2010, 2011, 2012, 2013, 2014, 2015, 2016, 2017, 2018, 2019, 2020, 2021, 2022, 2023, 2024",NA
"USA",1988,"1985, 1986, 1987, 1988, 1989, 1990, 1991, 1992, 1993, 1994, 1995, 1996, 1997, 1998, 1999, 2000, 2001, 2002, 2003, 2004, 2005, 2006, 2007, 2008, 2009, 2010, 2011, 2012, 2013, 2014, 2015, 2016, 2017, 2018, 2019, 2020, 2021, 2022, 2023, 2024",NA
"USA",1989,"1985, 1986, 1987, 1988, 1989, 1990, 1991, 1992, 1993, 1994, 1995, 1996, 1997, 1998, 1999, 2000, 2001, 2002, 2003, 2004, 2005, 2006, 2007, 2008, 2009, 2010, 2011, 2012, 2013, 2014, 2015, 2016, 2017, 2018, 2019, 2020, 2021, 2022, 2023, 2024",NA
"USA",1990,"1985, 1986, 1987, 1988, 1989, 1990, 1991, 1992, 1993, 1994, 1995, 1996, 1997, 1998, 1999, 2000, 2001, 2002, 2003, 2004, 2005, 2006, 2007, 2008, 2009, 2010, 2011, 2012, 2013, 2014, 2015, 2016, 2017, 2018, 2019, 2020, 2021, 2022, 2023, 2024",NA
"USA",1991,"1985, 1986, 1987, 1988, 1989, 1990, 1991, 1992, 1993, 1994, 1995, 1996, 1997, 1998, 1999, 2000, 2001, 2002, 2003, 2004, 2005, 2006, 2007, 2008, 2009, 2010, 2011, 2012, 2013, 2014, 2015, 2016, 2017, 2018, 2019, 2020, 2021, 2022, 2023, 2024",NA
"USA",1992,"1985, 1986, 1987, 1988, 1989, 1990, 1991, 1992, 1993, 1994, 1995, 1996, 1997, 1998, 1999, 2000, 2001, 2002, 2003, 2004, 2005, 2006, 2007, 2008, 2009, 2010, 2011, 2012, 2013, 2014, 2015, 2016, 2017, 2018, 2019, 2020, 2021, 2022, 2023, 2024",NA
"USA",1993,"1985, 1986, 1987, 1988, 1989, 1990, 1991, 1992, 1993, 1994, 1995, 1996, 1997, 1998, 1999, 2000, 2001, 2002, 2003, 2004, 2005, 2006, 2007, 2008, 2009, 2010, 2011, 2012, 2013, 2014, 2015, 2016, 2017, 2018, 2019, 2020, 2021, 2022, 2023, 2024",NA
"USA",1994,"1985, 1986, 1987, 1988, 1989, 1990, 1991, 1992, 1993, 1994, 1995, 1996, 1997, 1998, 1999, 2000, 2001, 2002, 2003, 2004, 2005, 2006, 2007, 2008, 2009, 2010, 2011, 2012, 2013, 2014, 2015, 2016, 2017, 2018, 2019, 2020, 2021, 2022, 2023, 2024",NA
"USA",1995,"1985, 1986, 1987, 1988, 1989, 1990, 1991, 1992, 1993, 1994, 1995, 1996, 1997, 1998, 1999, 2000, 2001, 2002, 2003, 2004, 2005, 2006, 2007, 2008, 2009, 2010, 2011, 2012, 2013, 2014, 2015, 2016, 2017, 2018, 2019, 2020, 2021, 2022, 2023, 2024",NA
"USA",1996,"1985, 1986, 1987, 1988, 1989, 1990, 1991, 1992, 1993, 1994, 1995, 1996, 1997, 1998, 1999, 2000, 2001, 2002, 2003, 2004, 2005, 2006, 2007, 2008, 2009, 2010, 2011, 2012, 2013, 2014, 2015, 2016, 2017, 2018, 2019, 2020, 2021, 2022, 2023, 2024",NA
"USA",1997,"1985, 1986, 1987, 1988, 1989, 1990, 1991, 1992, 1993, 1994, 1995, 1996, 1997, 1998, 1999, 2000, 2001, 2002, 2003, 2004, 2005, 2006, 2007, 2008, 2009, 2010, 2011, 2012, 2013, 2014, 2015, 2016, 2017, 2018, 2019, 2020, 2021, 2022, 2023, 2024",NA
"USA",1998,"1985, 1986, 1987, 1988, 1989, 1990, 1991, 1992, 1993, 1994, 1995, 1996, 1997, 1998, 1999, 2000, 2001, 2002, 2003, 2004, 2005, 2006, 2007, 2008, 2009, 2010, 2011, 2012, 2013, 2014, 2015, 2016, 2017, 2018, 2019, 2020, 2021, 2022, 2023, 2024",NA
"USA",1999,"1985, 1986, 1987, 1988, 1989, 1990, 1991, 1992, 1993, 1994, 1995, 1996, 1997, 1998, 1999, 2000, 2001, 2002, 2003, 2004, 2005, 2006, 2007, 2008, 2009, 2010, 2011, 2012, 2013, 2014, 2015, 2016, 2017, 2018, 2019, 2020, 2021, 2022, 2023, 2024",NA
"USA",2000,"1985, 1986, 1987, 1988, 1989, 1990, 1991, 1992, 1993, 1994, 1995, 1996, 1997, 1998, 1999, 2000, 2001, 2002, 2003, 2004, 2005, 2006, 2007, 2008, 2009, 2010, 2011, 2012, 2013, 2014, 2015, 2016, 2017, 2018, 2019, 2020, 2021, 2022, 2023, 2024",NA
"USA",2001,"1985, 1986, 1987, 1988, 1989, 1990, 1991, 1992, 1993, 1994, 1995, 1996, 1997, 1998, 1999, 2000, 2001, 2002, 2003, 2004, 2005, 2006, 2007, 2008, 2009, 2010, 2011, 2012, 2013, 2014, 2015, 2016, 2017, 2018, 2019, 2020, 2021, 2022, 2023, 2024",NA
"USA",2002,"1985, 1986, 1987, 1988, 1989, 1990, 1991, 1992, 1993, 1994, 1995, 1996, 1997, 1998, 1999, 2000, 2001, 2002, 2003, 2004, 2005, 2006, 2007, 2008, 2009, 2010, 2011, 2012, 2013, 2014, 2015, 2016, 2017, 2018, 2019, 2020, 2021, 2022, 2023, 2024",NA
"USA",2003,"1985, 1986, 1987, 1988, 1989, 1990, 1991, 1992, 1993, 1994, 1995, 1996, 1997, 1998, 1999, 2000, 2001, 2002, 2003, 2004, 2005, 2006, 2007, 2008, 2009, 2010, 2011, 2012, 2013, 2014, 2015, 2016, 2017, 2018, 2019, 2020, 2021, 2022, 2023, 2024",NA
"USA",2004,"1985, 1986, 1987, 1988, 1989, 1990, 1991, 1992, 1993, 1994, 1995, 1996, 1997, 1998, 1999, 2000, 2001, 2002, 2003, 2004, 2005, 2006, 2007, 2008, 2009, 2010, 2011, 2012, 2013, 2014, 2015, 2016, 2017, 2018, 2019, 2020, 2021, 2022, 2023, 2024",NA
"USA",2005,"1985, 1986, 1987, 1988, 1989, 1990, 1991, 1992, 1993, 1994, 1995, 1996, 1997, 1998, 1999, 2000, 2001, 2002, 2003, 2004, 2005, 2006, 2007, 2008, 2009, 2010, 2011, 2012, 2013, 2014, 2015, 2016, 2017, 2018, 2019, 2020, 2021, 2022, 2023, 2024",NA
"USA",2006,"1985, 1986, 1987, 1988, 1989, 1990, 1991, 1992, 1993, 1994, 1995, 1996, 1997, 1998, 1999, 2000, 2001, 2002, 2003, 2004, 2005, 2006, 2007, 2008, 2009, 2010, 2011, 2012, 2013, 2014, 2015, 2016, 2017, 2018, 2019, 2020, 2021, 2022, 2023, 2024",NA
"USA",2007,"1985, 1986, 1987, 1988, 1989, 1990, 1991, 1992, 1993, 1994, 1995, 1996, 1997, 1998, 1999, 2000, 2001, 2002, 2003, 2004, 2005, 2006, 2007, 2008, 2009, 2010, 2011, 2012, 2013, 2014, 2015, 2016, 2017, 2018, 2019, 2020, 2021, 2022, 2023, 2024",NA
"USA",2008,"1985, 1986, 1987, 1988, 1989, 1990, 1991, 1992, 1993, 1994, 1995, 1996, 1997, 1998, 1999, 2000, 2001, 2002, 2003, 2004, 2005, 2006, 2007, 2008, 2009, 2010, 2011, 2012, 2013, 2014, 2015, 2016, 2017, 2018, 2019, 2020, 2021, 2022, 2023, 2024",NA
"USA",2009,"1985, 1986, 1987, 1988, 1989, 1990, 1991, 1992, 1993, 1994, 1995, 1996, 1997, 1998, 1999, 2000, 2001, 2002, 2003, 2004, 2005, 2006, 2007, 2008, 2009, 2010, 2011, 2012, 2013, 2014, 2015, 2016, 2017, 2018, 2019, 2020, 2021, 2022, 2023, 2024",NA
"USA",2010,"1985, 1986, 1987, 1988, 1989, 1990, 1991, 1992, 1993, 1994, 1995, 1996, 1997, 1998, 1999, 2000, 2001, 2002, 2003, 2004, 2005, 2006, 2007, 2008, 2009, 2010, 2011, 2012, 2013, 2014, 2015, 2016, 2017, 2018, 2019, 2020, 2021, 2022, 2023, 2024",NA
"USA",2011,"1985, 1986, 1987, 1988, 1989, 1990, 1991, 1992, 1993, 1994, 1995, 1996, 1997, 1998, 1999, 2000, 2001, 2002, 2003, 2004, 2005, 2006, 2007, 2008, 2009, 2010, 2011, 2012, 2013, 2014, 2015, 2016, 2017, 2018, 2019, 2020, 2021, 2022, 2023, 2024",NA
"USA",2012,"1985, 1986, 1987, 1988, 1989, 1990, 1991, 1992, 1993, 1994, 1995, 1996, 1997, 1998, 1999, 2000, 2001, 2002, 2003, 2004, 2005, 2006, 2007, 2008, 2009, 2010, 2011, 2012, 2013, 2014, 2015, 2016, 2017, 2018, 2019, 2020, 2021, 2022, 2023, 2024",NA
"USA",2013,"1985, 1986, 1987, 1988, 1989, 1990, 1991, 1992, 1993, 1994, 1995, 1996, 1997, 1998, 1999, 2000, 2001, 2002, 2003, 2004, 2005, 2006, 2007, 2008, 2009, 2010, 2011, 2012, 2013, 2014, 2015, 2016, 2017, 2018, 2019, 2020, 2021, 2022, 2023, 2024",NA
"USA",2014,"1985, 1986, 1987, 1988, 1989, 1990, 1991, 1992, 1993, 1994, 1995, 1996, 1997, 1998, 1999, 2000, 2001, 2002, 2003, 2004, 2005, 2006, 2007, 2008, 2009, 2010, 2011, 2012, 2013, 2014, 2015, 2016, 2017, 2018, 2019, 2020, 2021, 2022, 2023, 2024",NA
"USA",2015,"1985, 1986, 1987, 1988, 1989, 1990, 1991, 1992, 1993, 1994, 1995, 1996, 1997, 1998, 1999, 2000, 2001, 2002, 2003, 2004, 2005, 2006, 2007, 2008, 2009, 2010, 2011, 2012, 2013, 2014, 2015, 2016, 2017, 2018, 2019, 2020, 2021, 2022, 2023, 2024",NA
"USA",2016,"1985, 1986, 1987, 1988, 1989, 1990, 1991, 1992, 1993, 1994, 1995, 1996, 1997, 1998, 1999, 2000, 2001, 2002, 2003, 2004, 2005, 2006, 2007, 2008, 2009, 2010, 2011, 2012, 2013, 2014, 2015, 2016, 2017, 2018, 2019, 2020, 2021, 2022, 2023, 2024",NA
"USA",2017,"1985, 1986, 1987, 1988, 1989, 1990, 1991, 1992, 1993, 1994, 1995, 1996, 1997, 1998, 1999, 2000, 2001, 2002, 2003, 2004, 2005, 2006, 2007, 2008, 2009, 2010, 2011, 2012, 2013, 2014, 2015, 2016, 2017, 2018, 2019, 2020, 2021, 2022, 2023, 2024",NA
"USA",2018,"1985, 1986, 1987, 1988, 1989, 1990, 1991, 1992, 1993, 1994, 1995, 1996, 1997, 1998, 1999, 2000, 2001, 2002, 2003, 2004, 2005, 2006, 2007, 2008, 2009, 2010, 2011, 2012, 2013, 2014, 2015, 2016, 2017, 2018, 2019, 2020, 2021, 2022, 2023, 2024",NA
"USA",2019,"1985, 1986, 1987, 1988, 1989, 1990, 1991, 1992, 1993, 1994, 1995, 1996, 1997, 1998, 1999, 2000, 2001, 2002, 2003, 2004, 2005, 2006, 2007, 2008, 2009, 2010, 2011, 2012, 2013, 2014, 2015, 2016, 2017, 2018, 2019, 2020, 2021, 2022, 2023, 2024",NA
"USA",2020,"1985, 1986, 1987, 1988, 1989, 1990, 1991, 1992, 1993, 1994, 1995, 1996, 1997, 1998, 1999, 2000, 2001, 2002, 2003, 2004, 2005, 2006, 2007, 2008, 2009, 2010, 2011, 2012, 2013, 2014, 2015, 2016, 2017, 2018, 2019, 2020, 2021, 2022, 2023, 2024",NA
"USA",2021,"1985, 1986, 1987, 1988, 1989, 1990, 1991, 1992, 1993, 1994, 1995, 1996, 1997, 1998, 1999, 2000, 2001, 2002, 2003, 2004, 2005, 2006, 2007, 2008, 2009, 2010, 2011, 2012, 2013, 2014, 2015, 2016, 2017, 2018, 2019, 2020, 2021, 2022, 2023, 2024",NA
"USA",2022,"1985, 1986, 1987, 1988, 1989, 1990, 1991, 1992, 1993, 1994, 1995, 1996, 1997, 1998, 1999, 2000, 2001, 2002, 2003, 2004, 2005, 2006, 2007, 2008, 2009, 2010, 2011, 2012, 2013, 2014, 2015, 2016, 2017, 2018, 2019, 2020, 2021, 2022, 2023, 2024",NA
"USA",2023,"1985, 1986, 1987, 1988, 1989, 1990, 1991, 1992, 1993, 1994, 1995, 1996, 1997, 1998, 1999, 2000, 2001, 2002, 2003, 2004, 2005, 2006, 2007, 2008, 2009, 2010, 2011, 2012, 2013, 2014, 2015, 2016, 2017, 2018, 2019, 2020, 2021, 2022, 2023, 2024",NA
"USA",2024,"1985, 1986, 1987, 1988, 1989, 1990, 1991, 1992, 1993, 1994, 1995, 1996, 1997, 1998, 1999, 2000, 2001, 2002, 2003, 2004, 2005, 2006, 2007, 2008, 2009, 2010, 2011, 2012, 2013, 2014, 2015, 2016, 2017, 2018, 2019, 2020, 2021, 2022, 2023, 2024",NA
"UZB",1996,"1996, 2000, 2002, 2006, 2022","1996, 2000, 2002, 2006"
"UZB",2000,"1996, 2000, 2002, 2006, 2022","1996, 2000, 2002, 2006"
"UZB",2002,"1996, 2000, 2002, 2006, 2022","1996, 2000, 2002, 2006"
"UZB",2006,"1996, 2000, 2002, 2006, 2022","1996, 2000, 2002, 2006"
"UZB",2022,"1996, 2000, 2002, 2006, 2022",NA
"VCT",2006,NA,"2006"
"VCT",2013,"2013",NA
"VEN",2000,"2000",NA
"VEN",2003,NA,"2003"
"VGB",2009,NA,"2009"
"VNM",1996,"1996, 1997, 2000, 2002, 2006, 2010, 2013",NA
"VNM",1997,"1996, 1997, 2000, 2002, 2006, 2010, 2013","1997, 2000, 2002, 2003, 2005, 2006, 2010, 2013"
"VNM",2000,"1996, 1997, 2000, 2002, 2006, 2010, 2013","1997, 2000, 2002, 2003, 2005, 2006, 2010, 2013"
"VNM",2002,"1996, 1997, 2000, 2002, 2006, 2010, 2013","1997, 2000, 2002, 2003, 2005, 2006, 2010, 2013"
"VNM",2003,NA,"1997, 2000, 2002, 2003, 2005, 2006, 2010, 2013"
"VNM",2005,NA,"1997, 2000, 2002, 2003, 2005, 2006, 2010, 2013"
"VNM",2006,"1996, 1997, 2000, 2002, 2006, 2010, 2013","1997, 2000, 2002, 2003, 2005, 2006, 2010, 2013"
"VNM",2010,"1996, 1997, 2000, 2002, 2006, 2010, 2013","1997, 2000, 2002, 2003, 2005, 2006, 2010, 2013"
"VNM",2013,"1996, 1997, 2000, 2002, 2006, 2010, 2013","1997, 2000, 2002, 2003, 2005, 2006, 2010, 2013"
"VUT",2007,"2007, 2013","2007"
"VUT",2013,"2007, 2013",NA
"WSM",2009,"2009, 2019","2009"
"WSM",2019,"2009, 2019",NA
"XKX",2013,"2013, 2019","2013"
"XKX",2019,"2013, 2019",NA
"YEM",1991,"1991, 1996, 1997, 2006, 2013","1991, 1997, 2006, 2007, 2013"
"YEM",1996,"1991, 1996, 1997, 2006, 2013",NA
"YEM",1997,"1991, 1996, 1997, 2006, 2013","1991, 1997, 2006, 2007, 2013"
"YEM",2006,"1991, 1996, 1997, 2006, 2013","1991, 1997, 2006, 2007, 2013"
"YEM",2007,NA,"1991, 1997, 2006, 2007, 2013"
"YEM",2013,"1991, 1996, 1997, 2006, 2013","1991, 1997, 2006, 2007, 2013"
"ZAF",1998,"1998, 2003, 2016","1998, 2003, 2007, 2016"
"ZAF",2003,"1998, 2003, 2016","1998, 2003, 2007, 2016"
"ZAF",2007,NA,"1998, 2003, 2007, 2016"
"ZAF",2016,"1998, 2003, 2016","1998, 2003, 2007, 2016"
"ZMB",1992,"1992, 1995, 1997, 1999, 2001, 2007, 2013, 2018","1992, 1996, 1999, 2001, 2003, 2004, 2007, 2013, 2018"
"ZMB",1995,"1992, 1995, 1997, 1999, 2001, 2007, 2013, 2018",NA
"ZMB",1996,NA,"1992, 1996, 1999, 2001, 2003, 2004, 2007, 2013, 2018"
"ZMB",1997,"1992, 1995, 1997, 1999, 2001, 2007, 2013, 2018",NA
"ZMB",1999,"1992, 1995, 1997, 1999, 2001, 2007, 2013, 2018","1992, 1996, 1999, 2001, 2003, 2004, 2007, 2013, 2018"
"ZMB",2001,"1992, 1995, 1997, 1999, 2001, 2007, 2013, 2018","1992, 1996, 1999, 2001, 2003, 2004, 2007, 2013, 2018"
"ZMB",2003,NA,"1992, 1996, 1999, 2001, 2003, 2004, 2007, 2013, 2018"
"ZMB",2004,NA,"1992, 1996, 1999, 2001, 2003, 2004, 2007, 2013, 2018"
"ZMB",2007,"1992, 1995, 1997, 1999, 2001, 2007, 2013, 2018","1992, 1996, 1999, 2001, 2003, 2004, 2007, 2013, 2018"
"ZMB",2013,"1992, 1995, 1997, 1999, 2001, 2007, 2013, 2018","1992, 1996, 1999, 2001, 2003, 2004, 2007, 2013, 2018"
"ZMB",2018,"1992, 1995, 1997, 1999, 2001, 2007, 2013, 2018","1992, 1996, 1999, 2001, 2003, 2004, 2007, 2013, 2018"
"ZWE",1988,NA,"1988, 1994, 1999, 2003, 2005, 2010, 2014, 2015"
"ZWE",1989,"1989, 1994, 1999, 2005, 2009, 2010, 2014, 2015, 2019",NA
"ZWE",1994,"1989, 1994, 1999, 2005, 2009, 2010, 2014, 2015, 2019","1988, 1994, 1999, 2003, 2005, 2010, 2014, 2015"
"ZWE",1999,"1989, 1994, 1999, 2005, 2009, 2010, 2014, 2015, 2019","1988, 1994, 1999, 2003, 2005, 2010, 2014, 2015"
"ZWE",2003,NA,"1988, 1994, 1999, 2003, 2005, 2010, 2014, 2015"
"ZWE",2005,"1989, 1994, 1999, 2005, 2009, 2010, 2014, 2015, 2019","1988, 1994, 1999, 2003, 2005, 2010, 2014, 2015"
"ZWE",2009,"1989, 1994, 1999, 2005, 2009, 2010, 2014, 2015, 2019",NA
"ZWE",2010,"1989, 1994, 1999, 2005, 2009, 2010, 2014, 2015, 2019","1988, 1994, 1999, 2003, 2005, 2010, 2014, 2015"
"ZWE",2014,"1989, 1994, 1999, 2005, 2009, 2010, 2014, 2015, 2019","1988, 1994, 1999, 2003, 2005, 2010, 2014, 2015"
"ZWE",2015,"1989, 1994, 1999, 2005, 2009, 2010, 2014, 2015, 2019","1988, 1994, 1999, 2003, 2005, 2010, 2014, 2015"
"ZWE",2019,"1989, 1994, 1999, 2005, 2009, 2010, 2014, 2015, 2019",NA
NA,1993,NA,"1993, 2003"
NA,1994,NA,"1994, 1998, 2000, 2003, 2006, 2011, 2021"
NA,1998,NA,"1994, 1998, 2000, 2003, 2006, 2011, 2021"
NA,2000,NA,"1994, 1998, 2000, 2003, 2006, 2011, 2021"
NA,2003,NA,"1993, 2003"
NA,2005,NA,"1998, 2005"
NA,2006,NA,"1994, 1998, 2000, 2003, 2006, 2011, 2021"
NA,2008,NA,"2008"
NA,2009,NA,"2009"
NA,2010,NA,"2010"
NA,2011,NA,"1994, 1998, 2000, 2003, 2006, 2011, 2021"
NA,2014,NA,"2000, 2008, 2014"
NA,2021,NA,"1994, 1998, 2000, 2003, 2006, 2011, 2021"
